name,state,constituency,house,election,party,party_short,declared_criminal_cases,has_serious_declared,convictions_declared,review_status,membership_status,status_as_of,profile,sources
Aashtikar Patil Nagesh Bapurao,Maharashtra,Hingoli,Lok Sabha,2024 general election,Shiv Sena (Uddhav Balasaheb Thackrey),SHS(UBT),0,no,0,machine_checked,winner_at_election,2024-06-04,https://www.indiatechcollective.org/politicians/aashtikar-patil-nagesh-bapurao-hingoli/,ogd-ls2024-results; adr-ls2024-report
Abdul Rashid Sheikh,Jammu and Kashmir,BARAMULLA,Lok Sabha,2024 general election,Independent,IND,3,yes,0,machine_checked,winner_at_election,2024-06-04,https://www.indiatechcollective.org/politicians/abdul-rashid-sheikh-baramulla/,ogd-ls2024-results; adr-ls2024-report
Abhay Kumar Sinha,Bihar,Aurangabad,Lok Sabha,2024 general election,Rashtriya Janata Dal,RJD,16,yes,0,machine_checked,winner_at_election,2024-06-04,https://www.indiatechcollective.org/politicians/abhay-kumar-sinha-aurangabad/,ogd-ls2024-results; adr-ls2024-report
Abhijit Gangopadhyay,West Bengal,Tamluk,Lok Sabha,2024 general election,Bharatiya Janata Party,BJP,0,no,0,machine_checked,winner_at_election,2024-06-04,https://www.indiatechcollective.org/politicians/abhijit-gangopadhyay-tamluk/,ogd-ls2024-results; adr-ls2024-report
Abhishek Banerjee,West Bengal,Diamond harbour,Lok Sabha,2024 general election,All India Trinamool Congress,AITC,2,no,0,machine_checked,winner_at_election,2024-06-04,https://www.indiatechcollective.org/politicians/abhishek-banerjee-diamond-harbour/,ogd-ls2024-results; adr-ls2024-report
Abu Taher Khan,West Bengal,Murshidabad,Lok Sabha,2024 general election,All India Trinamool Congress,AITC,3,yes,0,machine_checked,winner_at_election,2024-06-04,https://www.indiatechcollective.org/politicians/abu-taher-khan-murshidabad/,ogd-ls2024-results; adr-ls2024-report
Adhikari Deepak (Dev),West Bengal,Ghatal,Lok Sabha,2024 general election,All India Trinamool Congress,AITC,0,no,0,machine_checked,winner_at_election,2024-06-04,https://www.indiatechcollective.org/politicians/adhikari-deepak-dev-ghatal/,ogd-ls2024-results; adr-ls2024-report
Adhikari Soumendu,West Bengal,Kanthi,Lok Sabha,2024 general election,Bharatiya Janata Party,BJP,6,yes,0,machine_checked,winner_at_election,2024-06-04,https://www.indiatechcollective.org/politicians/adhikari-soumendu-kanthi/,ogd-ls2024-results; adr-ls2024-report
Aditya Yadav,Uttar Pradesh,Badaun,Lok Sabha,2024 general election,Samajwadi Party,SP,0,no,0,machine_checked,winner_at_election,2024-06-04,https://www.indiatechcollective.org/politicians/aditya-yadav-badaun/,ogd-ls2024-results; adr-ls2024-report
Adv Adoor Prakash,Kerala,Attingal,Lok Sabha,2024 general election,Indian National Congress,INC,13,no,3,machine_checked,winner_at_election,2024-06-04,https://www.indiatechcollective.org/politicians/adv-adoor-prakash-attingal/,ogd-ls2024-results; adr-ls2024-report
Adv. Dean Kuriakose,Kerala,Idukki,Lok Sabha,2024 general election,Indian National Congress,INC,88,yes,18,machine_checked,winner_at_election,2024-06-04,https://www.indiatechcollective.org/politicians/adv-dean-kuriakose-idukki/,ogd-ls2024-results; adr-ls2024-report
Adv Gowaal Kagada Padavi,Maharashtra,Nandurbar,Lok Sabha,2024 general election,Indian National Congress,INC,0,no,0,machine_checked,winner_at_election,2024-06-04,https://www.indiatechcollective.org/politicians/adv-gowaal-kagada-padavi-nandurbar/,ogd-ls2024-results; adr-ls2024-report
Adv K Francis George,Kerala,Kottayam,Lok Sabha,2024 general election,Kerala Congress,KEC,5,no,5,machine_checked,winner_at_election,2024-06-04,https://www.indiatechcollective.org/politicians/adv-k-francis-george-kottayam/,ogd-ls2024-results; adr-ls2024-report
Afzal Ansari,Uttar Pradesh,Ghazipur,Lok Sabha,2024 general election,Samajwadi Party,SP,5,yes,1,machine_checked,winner_at_election,2024-06-04,https://www.indiatechcollective.org/politicians/afzal-ansari-ghazipur/,ogd-ls2024-results; adr-ls2024-report
Aga Syed Ruhullah Mehdi,Jammu and Kashmir,SRINAGAR,Lok Sabha,2024 general election,Jammu & Kashmir National Conference,JKN,0,no,0,machine_checked,winner_at_election,2024-06-04,https://www.indiatechcollective.org/politicians/aga-syed-ruhullah-mehdi-srinagar/,ogd-ls2024-results; adr-ls2024-report
Ajay Bhatt,Uttarakhand,Nainital-Udhamsingh Nagar,Lok Sabha,2024 general election,Bharatiya Janata Party,BJP,0,no,0,machine_checked,winner_at_election,2024-06-04,https://www.indiatechcollective.org/politicians/ajay-bhatt-nainital-udhamsingh-nagar/,ogd-ls2024-results; adr-ls2024-report
Ajay Kumar Mandal,Bihar,Bhagalpur,Lok Sabha,2024 general election,Janata Dal (United),JD(U),0,no,0,machine_checked,winner_at_election,2024-06-04,https://www.indiatechcollective.org/politicians/ajay-kumar-mandal-bhagalpur/,ogd-ls2024-results; adr-ls2024-report
Ajay Tamta,Uttarakhand,Almora,Lok Sabha,2024 general election,Bharatiya Janata Party,BJP,0,no,0,machine_checked,winner_at_election,2024-06-04,https://www.indiatechcollective.org/politicians/ajay-tamta-almora/,ogd-ls2024-results; adr-ls2024-report
Ajendra Singh Lodhi,Uttar Pradesh,Hamirpur,Lok Sabha,2024 general election,Samajwadi Party,SP,0,no,0,machine_checked,winner_at_election,2024-06-04,https://www.indiatechcollective.org/politicians/ajendra-singh-lodhi-hamirpur/,ogd-ls2024-results; adr-ls2024-report
Akhilesh Yadav,Uttar Pradesh,Kannauj,Lok Sabha,2024 general election,Samajwadi Party,SP,3,no,0,machine_checked,winner_at_election,2024-06-04,https://www.indiatechcollective.org/politicians/akhilesh-yadav-kannauj/,ogd-ls2024-results; adr-ls2024-report
Akshaya Yadav,Uttar Pradesh,Firozabad,Lok Sabha,2024 general election,Samajwadi Party,SP,3,yes,0,machine_checked,winner_at_election,2024-06-04,https://www.indiatechcollective.org/politicians/akshaya-yadav-firozabad/,ogd-ls2024-results; adr-ls2024-report
Alfred Kanngam S Arthur,Manipur,Outer Manipur,Lok Sabha,2024 general election,Indian National Congress,INC,0,no,0,machine_checked,winner_at_election,2024-06-04,https://www.indiatechcollective.org/politicians/alfred-kanngam-s-arthur-outer-manipur/,ogd-ls2024-results; adr-ls2024-report
Alok Sharma,Madhya Pradesh,BHOPAL,Lok Sabha,2024 general election,Bharatiya Janata Party,BJP,4,no,0,machine_checked,winner_at_election,2024-06-04,https://www.indiatechcollective.org/politicians/alok-sharma-bhopal/,ogd-ls2024-results; adr-ls2024-report
Amar Sharadrao Kale,Maharashtra,Wardha,Lok Sabha,2024 general election,Nationalist Congress Party – Sharadchandra Pawar,NCP(SP),0,no,0,machine_checked,winner_at_election,2024-06-04,https://www.indiatechcollective.org/politicians/amar-sharadrao-kale-wardha/,ogd-ls2024-results; adr-ls2024-report
Amar Singh,Punjab,Fatehgarh Sahib,Lok Sabha,2024 general election,Indian National Congress,INC,0,no,0,machine_checked,winner_at_election,2024-06-04,https://www.indiatechcollective.org/politicians/amar-singh-fatehgarh-sahib/,ogd-ls2024-results; adr-ls2024-report
Amarsing Tisso,Assam,Diphu,Lok Sabha,2024 general election,Bharatiya Janata Party,BJP,0,no,0,machine_checked,winner_at_election,2024-06-04,https://www.indiatechcollective.org/politicians/amarsing-tisso-diphu/,ogd-ls2024-results; adr-ls2024-report
Ambica G Lakshminarayana Valmiki,Andhra Pradesh,Ananthapur,Lok Sabha,2024 general election,Telugu Desam Party,TDP,8,no,0,machine_checked,winner_at_election,2024-06-04,https://www.indiatechcollective.org/politicians/ambica-g-lakshminarayana-valmiki-ananthapur/,ogd-ls2024-results; adr-ls2024-report
Amit Shah,Gujarat,Gandhinagar,Lok Sabha,2024 general election,Bharatiya Janata Party,BJP,3,yes,0,machine_checked,winner_at_election,2024-06-04,https://www.indiatechcollective.org/politicians/amit-shah-gandhinagar/,ogd-ls2024-results; adr-ls2024-report
Amraram,Rajasthan,SIKAR,Lok Sabha,2024 general election,Communist Party of India (Marxist),CPI(M),0,no,0,machine_checked,winner_at_election,2024-06-04,https://www.indiatechcollective.org/politicians/amraram-sikar/,ogd-ls2024-results; adr-ls2024-report
Amrinder Singh Raja Warring,Punjab,Ludhiana,Lok Sabha,2024 general election,Indian National Congress,INC,0,no,0,machine_checked,winner_at_election,2024-06-04,https://www.indiatechcollective.org/politicians/amrinder-singh-raja-warring-ludhiana/,ogd-ls2024-results; adr-ls2024-report
Amritpal Singh,Punjab,Khadoor Sahib,Lok Sabha,2024 general election,Independent,IND,12,yes,0,machine_checked,winner_at_election,2024-06-04,https://www.indiatechcollective.org/politicians/amritpal-singh-khadoor-sahib/,ogd-ls2024-results; adr-ls2024-report
Anand Bhadauriya,Uttar Pradesh,Dhaurahra,Lok Sabha,2024 general election,Samajwadi Party,SP,4,yes,0,machine_checked,winner_at_election,2024-06-04,https://www.indiatechcollective.org/politicians/anand-bhadauriya-dhaurahra/,ogd-ls2024-results; adr-ls2024-report
Anand Kumar,Uttar Pradesh,Baharaich,Lok Sabha,2024 general election,Bharatiya Janata Party,BJP,0,no,0,machine_checked,winner_at_election,2024-06-04,https://www.indiatechcollective.org/politicians/anand-kumar-baharaich/,ogd-ls2024-results; adr-ls2024-report
Ananta Nayak,Odisha,Keonjhar,Lok Sabha,2024 general election,Bharatiya Janata Party,BJP,1,no,0,machine_checked,winner_at_election,2024-06-04,https://www.indiatechcollective.org/politicians/ananta-nayak-keonjhar/,ogd-ls2024-results; adr-ls2024-report
Angomcha Bimol Akoijam,Manipur,Inner Manipur,Lok Sabha,2024 general election,Indian National Congress,INC,0,no,0,machine_checked,winner_at_election,2024-06-04,https://www.indiatechcollective.org/politicians/angomcha-bimol-akoijam-inner-manipur/,ogd-ls2024-results; adr-ls2024-report
Anil Baluni,Uttarakhand,Garhwal,Lok Sabha,2024 general election,Bharatiya Janata Party,BJP,0,no,0,machine_checked,winner_at_election,2024-06-04,https://www.indiatechcollective.org/politicians/anil-baluni-garhwal/,ogd-ls2024-results; adr-ls2024-report
Anil Firojiya,Madhya Pradesh,UJJAIN,Lok Sabha,2024 general election,Bharatiya Janata Party,BJP,0,no,0,machine_checked,winner_at_election,2024-06-04,https://www.indiatechcollective.org/politicians/anil-firojiya-ujjain/,ogd-ls2024-results; adr-ls2024-report
Anil Yeshwant Desai,Maharashtra,Mumbai South Central,Lok Sabha,2024 general election,Shiv Sena (Uddhav Balasaheb Thackrey),SHS(UBT),0,no,0,machine_checked,winner_at_election,2024-06-04,https://www.indiatechcollective.org/politicians/anil-yeshwant-desai-mumbai-south-central/,ogd-ls2024-results; adr-ls2024-report
Anita Nagarsingh Chouhan,Madhya Pradesh,RATLAM,Lok Sabha,2024 general election,Bharatiya Janata Party,BJP,0,no,0,machine_checked,winner_at_election,2024-06-04,https://www.indiatechcollective.org/politicians/anita-nagarsingh-chouhan-ratlam/,ogd-ls2024-results; adr-ls2024-report
Anita Subhadarshini,Odisha,Aska,Lok Sabha,2024 general election,Bharatiya Janata Party,BJP,0,no,0,machine_checked,winner_at_election,2024-06-04,https://www.indiatechcollective.org/politicians/anita-subhadarshini-aska/,ogd-ls2024-results; adr-ls2024-report
Annpurna Devi,Jharkhand,Kodarma,Lok Sabha,2024 general election,Bharatiya Janata Party,BJP,2,no,1,machine_checked,winner_at_election,2024-06-04,https://www.indiatechcollective.org/politicians/annpurna-devi-kodarma/,ogd-ls2024-results; adr-ls2024-report
Anoop Pradhan Balmiki,Uttar Pradesh,Hathras,Lok Sabha,2024 general election,Bharatiya Janata Party,BJP,1,yes,0,machine_checked,winner_at_election,2024-06-04,https://www.indiatechcollective.org/politicians/anoop-pradhan-balmiki-hathras/,ogd-ls2024-results; adr-ls2024-report
Anto Antony,Kerala,Pathanamthitta,Lok Sabha,2024 general election,Indian National Congress,INC,5,no,5,machine_checked,winner_at_election,2024-06-04,https://www.indiatechcollective.org/politicians/anto-antony-pathanamthitta/,ogd-ls2024-results; adr-ls2024-report
Anup Sanjay Dhotre,Maharashtra,Akola,Lok Sabha,2024 general election,Bharatiya Janata Party,BJP,1,no,0,machine_checked,winner_at_election,2024-06-04,https://www.indiatechcollective.org/politicians/anup-sanjay-dhotre-akola/,ogd-ls2024-results; adr-ls2024-report
Anupriya Patel,Uttar Pradesh,Mirzapur,Lok Sabha,2024 general election,Apna Dal (Soneylal),AD(S),2,yes,0,machine_checked,winner_at_election,2024-06-04,https://www.indiatechcollective.org/politicians/anupriya-patel-mirzapur/,ogd-ls2024-results; adr-ls2024-report
Anurag Sharma,Uttar Pradesh,Jhansi,Lok Sabha,2024 general election,Bharatiya Janata Party,BJP,0,no,0,machine_checked,winner_at_election,2024-06-04,https://www.indiatechcollective.org/politicians/anurag-sharma-jhansi/,ogd-ls2024-results; adr-ls2024-report
Anurag Singh Thakur,Himachal Pradesh,HAMIRPUR,Lok Sabha,2024 general election,Bharatiya Janata Party,BJP,1,yes,0,machine_checked,winner_at_election,2024-06-04,https://www.indiatechcollective.org/politicians/anurag-singh-thakur-hamirpur/,ogd-ls2024-results; adr-ls2024-report
Aparajita Sarangi,Odisha,Bhubaneswar,Lok Sabha,2024 general election,Bharatiya Janata Party,BJP,1,no,0,machine_checked,winner_at_election,2024-06-04,https://www.indiatechcollective.org/politicians/aparajita-sarangi-bhubaneswar/,ogd-ls2024-results; adr-ls2024-report
Appalanaidu Kalisetti,Andhra Pradesh,Vizianagaram,Lok Sabha,2024 general election,Telugu Desam Party,TDP,0,no,0,machine_checked,winner_at_election,2024-06-04,https://www.indiatechcollective.org/politicians/appalanaidu-kalisetti-vizianagaram/,ogd-ls2024-results; adr-ls2024-report
Arjun Ram Meghwal,Rajasthan,BIKANER,Lok Sabha,2024 general election,Bharatiya Janata Party,BJP,0,no,0,machine_checked,winner_at_election,2024-06-04,https://www.indiatechcollective.org/politicians/arjun-ram-meghwal-bikaner/,ogd-ls2024-results; adr-ls2024-report
Arun Bharti,Bihar,Jamui,Lok Sabha,2024 general election,Lok Janshakti Party (Ram Vilas),LJP(RV),0,no,0,machine_checked,winner_at_election,2024-06-04,https://www.indiatechcollective.org/politicians/arun-bharti-jamui/,ogd-ls2024-results; adr-ls2024-report
Arun Govil,Uttar Pradesh,Meerut,Lok Sabha,2024 general election,Bharatiya Janata Party,BJP,0,no,0,machine_checked,winner_at_election,2024-06-04,https://www.indiatechcollective.org/politicians/arun-govil-meerut/,ogd-ls2024-results; adr-ls2024-report
Arun Kumar Sagar,Uttar Pradesh,Shahjahanpur,Lok Sabha,2024 general election,Bharatiya Janata Party,BJP,0,no,0,machine_checked,winner_at_election,2024-06-04,https://www.indiatechcollective.org/politicians/arun-kumar-sagar-shahjahanpur/,ogd-ls2024-results; adr-ls2024-report
Arun Nehru,Tamil Nadu,PERAMBALUR,Lok Sabha,2024 general election,Dravida Munnetra Kazhagam,DMK,0,no,0,machine_checked,winner_at_election,2024-06-04,https://www.indiatechcollective.org/politicians/arun-nehru-perambalur/,ogd-ls2024-results; adr-ls2024-report
Aruna. D. K,Telangana,Mahbubnagar,Lok Sabha,2024 general election,Bharatiya Janata Party,BJP,6,yes,0,machine_checked,winner_at_election,2024-06-04,https://www.indiatechcollective.org/politicians/aruna-d-k-mahbubnagar/,ogd-ls2024-results; adr-ls2024-report
Arup Chakraborty,West Bengal,Bankura,Lok Sabha,2024 general election,All India Trinamool Congress,AITC,0,no,0,machine_checked,winner_at_election,2024-06-04,https://www.indiatechcollective.org/politicians/arup-chakraborty-bankura/,ogd-ls2024-results; adr-ls2024-report
Arvind Dharmapuri,Telangana,Nizamabad,Lok Sabha,2024 general election,Bharatiya Janata Party,BJP,22,yes,0,machine_checked,winner_at_election,2024-06-04,https://www.indiatechcollective.org/politicians/arvind-dharmapuri-nizamabad/,ogd-ls2024-results; adr-ls2024-report
Arvind Ganpat Sawant,Maharashtra,Mumbai South,Lok Sabha,2024 general election,Shiv Sena (Uddhav Balasaheb Thackrey),SHS(UBT),1,no,0,machine_checked,winner_at_election,2024-06-04,https://www.indiatechcollective.org/politicians/arvind-ganpat-sawant-mumbai-south/,ogd-ls2024-results; adr-ls2024-report
Asaduddin Owaisi,Telangana,Hyderabad,Lok Sabha,2024 general election,All India Majlis-E-Ittehadul Muslimeen,AIMIM,5,yes,0,machine_checked,winner_at_election,2024-06-04,https://www.indiatechcollective.org/politicians/asaduddin-owaisi-hyderabad/,ogd-ls2024-results; adr-ls2024-report
Ashish Dubey,Madhya Pradesh,JABALPUR,Lok Sabha,2024 general election,Bharatiya Janata Party,BJP,0,no,0,machine_checked,winner_at_election,2024-06-04,https://www.indiatechcollective.org/politicians/ashish-dubey-jabalpur/,ogd-ls2024-results; adr-ls2024-report
Ashok Kumar Rawat,Uttar Pradesh,Misrikh,Lok Sabha,2024 general election,Bharatiya Janata Party,BJP,0,no,0,machine_checked,winner_at_election,2024-06-04,https://www.indiatechcollective.org/politicians/ashok-kumar-rawat-misrikh/,ogd-ls2024-results; adr-ls2024-report
Ashok Kumar Yadav,Bihar,Madhubani,Lok Sabha,2024 general election,Bharatiya Janata Party,BJP,2,yes,0,machine_checked,winner_at_election,2024-06-04,https://www.indiatechcollective.org/politicians/ashok-kumar-yadav-madhubani/,ogd-ls2024-results; adr-ls2024-report
Asit Kumar Mal,West Bengal,Bolpur,Lok Sabha,2024 general election,All India Trinamool Congress,AITC,0,no,0,machine_checked,winner_at_election,2024-06-04,https://www.indiatechcollective.org/politicians/asit-kumar-mal-bolpur/,ogd-ls2024-results; adr-ls2024-report
Atul Garg,Uttar Pradesh,Ghaziabad,Lok Sabha,2024 general election,Bharatiya Janata Party,BJP,0,no,0,machine_checked,winner_at_election,2024-06-04,https://www.indiatechcollective.org/politicians/atul-garg-ghaziabad/,ogd-ls2024-results; adr-ls2024-report
Avimanyu Sethi,Odisha,Bhadrak,Lok Sabha,2024 general election,Bharatiya Janata Party,BJP,0,no,0,machine_checked,winner_at_election,2024-06-04,https://www.indiatechcollective.org/politicians/avimanyu-sethi-bhadrak/,ogd-ls2024-results; adr-ls2024-report
Awadhesh Prasad,Uttar Pradesh,Faizabad,Lok Sabha,2024 general election,Samajwadi Party,SP,1,no,0,machine_checked,winner_at_election,2024-06-04,https://www.indiatechcollective.org/politicians/awadhesh-prasad-faizabad/,ogd-ls2024-results; adr-ls2024-report
Azad Kirti Jha,West Bengal,Bardhaman-Durgapur,Lok Sabha,2024 general election,All India Trinamool Congress,AITC,1,yes,0,machine_checked,winner_at_election,2024-06-04,https://www.indiatechcollective.org/politicians/azad-kirti-jha-bardhaman-durgapur/,ogd-ls2024-results; adr-ls2024-report
B K Parthasarathi,Andhra Pradesh,Hindupur,Lok Sabha,2024 general election,Telugu Desam Party,TDP,15,yes,3,machine_checked,winner_at_election,2024-06-04,https://www.indiatechcollective.org/politicians/b-k-parthasarathi-hindupur/,ogd-ls2024-results; adr-ls2024-report
B. Y. Raghavendra,Karnataka,Shimoga,Lok Sabha,2024 general election,Bharatiya Janata Party,BJP,1,yes,0,machine_checked,winner_at_election,2024-06-04,https://www.indiatechcollective.org/politicians/b-y-raghavendra-shimoga/,ogd-ls2024-results; adr-ls2024-report
Babu Singh Kushwaha,Uttar Pradesh,Jaunpur,Lok Sabha,2024 general election,Samajwadi Party,SP,25,yes,0,machine_checked,winner_at_election,2024-06-04,https://www.indiatechcollective.org/politicians/babu-singh-kushwaha-jaunpur/,ogd-ls2024-results; adr-ls2024-report
Bachhav Shobha Dinesh,Maharashtra,Dhule,Lok Sabha,2024 general election,Indian National Congress,INC,2,yes,0,machine_checked,winner_at_election,2024-06-04,https://www.indiatechcollective.org/politicians/bachhav-shobha-dinesh-dhule/,ogd-ls2024-results; adr-ls2024-report
Baijayant Panda,Odisha,Kendrapara,Lok Sabha,2024 general election,Bharatiya Janata Party,BJP,8,yes,0,machine_checked,winner_at_election,2024-06-04,https://www.indiatechcollective.org/politicians/baijayant-panda-kendrapara/,ogd-ls2024-results; adr-ls2024-report
Bajrang Manohar Sonwane,Maharashtra,Beed,Lok Sabha,2024 general election,Nationalist Congress Party – Sharadchandra Pawar,NCP(SP),0,no,0,machine_checked,winner_at_election,2024-06-04,https://www.indiatechcollective.org/politicians/bajrang-manohar-sonwane-beed/,ogd-ls2024-results; adr-ls2024-report
Balabhadra Majhi,Odisha,Nabarangpur,Lok Sabha,2024 general election,Bharatiya Janata Party,BJP,2,yes,0,machine_checked,winner_at_election,2024-06-04,https://www.indiatechcollective.org/politicians/balabhadra-majhi-nabarangpur/,ogd-ls2024-results; adr-ls2024-report
Balashowry Vallabhaneni,Andhra Pradesh,Machilipatnam,Lok Sabha,2024 general election,Janasena Party,JnP,2,yes,0,machine_checked,winner_at_election,2024-06-04,https://www.indiatechcollective.org/politicians/balashowry-vallabhaneni-machilipatnam/,ogd-ls2024-results; adr-ls2024-report
Balram Naik Porika,Telangana,Mahabubabad,Lok Sabha,2024 general election,Indian National Congress,INC,6,yes,0,machine_checked,winner_at_election,2024-06-04,https://www.indiatechcollective.org/politicians/balram-naik-porika-mahabubabad/,ogd-ls2024-results; adr-ls2024-report
Balwant Baswant Wankhade,Maharashtra,Amravati,Lok Sabha,2024 general election,Indian National Congress,INC,1,yes,0,machine_checked,winner_at_election,2024-06-04,https://www.indiatechcollective.org/politicians/balwant-baswant-wankhade-amravati/,ogd-ls2024-results; adr-ls2024-report
Bandi Sanjay Kumar,Telangana,Karimnagar,Lok Sabha,2024 general election,Bharatiya Janata Party,BJP,42,yes,0,machine_checked,winner_at_election,2024-06-04,https://www.indiatechcollective.org/politicians/bandi-sanjay-kumar-karimnagar/,ogd-ls2024-results; adr-ls2024-report
Bandyopadhyay Sudip,West Bengal,Kolkata Uttar,Lok Sabha,2024 general election,All India Trinamool Congress,AITC,2,yes,0,machine_checked,winner_at_election,2024-06-04,https://www.indiatechcollective.org/politicians/bandyopadhyay-sudip-kolkata-uttar/,ogd-ls2024-results; adr-ls2024-report
Bansuri Swaraj,Delhi,New Delhi,Lok Sabha,2024 general election,Bharatiya Janata Party,BJP,0,no,0,machine_checked,winner_at_election,2024-06-04,https://www.indiatechcollective.org/politicians/bansuri-swaraj-new-delhi/,ogd-ls2024-results; adr-ls2024-report
Bapi Haldar,West Bengal,Mathurapur,Lok Sabha,2024 general election,All India Trinamool Congress,AITC,1,yes,0,machine_checked,winner_at_election,2024-06-04,https://www.indiatechcollective.org/politicians/bapi-haldar-mathurapur/,ogd-ls2024-results; adr-ls2024-report
Basavaraj Bommai,Karnataka,Haveri,Lok Sabha,2024 general election,Bharatiya Janata Party,BJP,0,no,0,machine_checked,winner_at_election,2024-06-04,https://www.indiatechcollective.org/politicians/basavaraj-bommai-haveri/,ogd-ls2024-results; adr-ls2024-report
Bastipati Nagaraju Panchalingala,Andhra Pradesh,Kurnoolu,Lok Sabha,2024 general election,Telugu Desam Party,TDP,0,no,0,machine_checked,winner_at_election,2024-06-04,https://www.indiatechcollective.org/politicians/bastipati-nagaraju-panchalingala-kurnoolu/,ogd-ls2024-results; adr-ls2024-report
Benny Behanan,Kerala,Chalakudy,Lok Sabha,2024 general election,Indian National Congress,INC,5,no,1,machine_checked,winner_at_election,2024-06-04,https://www.indiatechcollective.org/politicians/benny-behanan-chalakudy/,ogd-ls2024-results; adr-ls2024-report
Bhagirath Choudhary,Rajasthan,AJMER,Lok Sabha,2024 general election,Bharatiya Janata Party,BJP,0,no,0,machine_checked,winner_at_election,2024-06-04,https://www.indiatechcollective.org/politicians/bhagirath-choudhary-ajmer/,ogd-ls2024-results; adr-ls2024-report
Bhajan Lal Jatav,Rajasthan,KARAULI-DHOLPUR,Lok Sabha,2024 general election,Indian National Congress,INC,1,no,0,machine_checked,winner_at_election,2024-06-04,https://www.indiatechcollective.org/politicians/bhajan-lal-jatav-karauli-dholpur/,ogd-ls2024-results; adr-ls2024-report
Bharat Singh Kushwah,Madhya Pradesh,GWALIOR,Lok Sabha,2024 general election,Bharatiya Janata Party,BJP,0,no,0,machine_checked,winner_at_election,2024-06-04,https://www.indiatechcollective.org/politicians/bharat-singh-kushwah-gwalior/,ogd-ls2024-results; adr-ls2024-report
Bharatbhai Manubhai Sutariya,Gujarat,Amreli,Lok Sabha,2024 general election,Bharatiya Janata Party,BJP,0,no,0,machine_checked,winner_at_election,2024-06-04,https://www.indiatechcollective.org/politicians/bharatbhai-manubhai-sutariya-amreli/,ogd-ls2024-results; adr-ls2024-report
Bharti Pardhi,Madhya Pradesh,BALAGHAT,Lok Sabha,2024 general election,Bharatiya Janata Party,BJP,0,no,0,machine_checked,winner_at_election,2024-06-04,https://www.indiatechcollective.org/politicians/bharti-pardhi-balaghat/,ogd-ls2024-results; adr-ls2024-report
Bhartruhari Mahtab,Odisha,Cuttack,Lok Sabha,2024 general election,Bharatiya Janata Party,BJP,1,yes,0,machine_checked,winner_at_election,2024-06-04,https://www.indiatechcollective.org/politicians/bhartruhari-mahtab-cuttack/,ogd-ls2024-results; adr-ls2024-report
Bhaskar Murlidhar Bhagare,Maharashtra,Dindori,Lok Sabha,2024 general election,Nationalist Congress Party – Sharadchandra Pawar,NCP(SP),0,no,0,machine_checked,winner_at_election,2024-06-04,https://www.indiatechcollective.org/politicians/bhaskar-murlidhar-bhagare-dindori/,ogd-ls2024-results; adr-ls2024-report
Bhausaheb Rajaram Wakchaure,Maharashtra,Shirdi,Lok Sabha,2024 general election,Shiv Sena (Uddhav Balasaheb Thackrey),SHS(UBT),0,no,0,machine_checked,winner_at_election,2024-06-04,https://www.indiatechcollective.org/politicians/bhausaheb-rajaram-wakchaure-shirdi/,ogd-ls2024-results; adr-ls2024-report
Bhojraj Nag,Chhattisgarh,KANKER,Lok Sabha,2024 general election,Bharatiya Janata Party,BJP,0,no,0,machine_checked,winner_at_election,2024-06-04,https://www.indiatechcollective.org/politicians/bhojraj-nag-kanker/,ogd-ls2024-results; adr-ls2024-report
Bhumare Sandipanrao Asaram,Maharashtra,Aurangabad,Lok Sabha,2024 general election,Shiv Sena,SHS,4,yes,1,machine_checked,winner_at_election,2024-06-04,https://www.indiatechcollective.org/politicians/bhumare-sandipanrao-asaram-aurangabad/,ogd-ls2024-results; adr-ls2024-report
Bhupathi Raju Srinivasa Varma,Andhra Pradesh,Narsapuram,Lok Sabha,2024 general election,Bharatiya Janata Party,BJP,0,no,0,machine_checked,winner_at_election,2024-06-04,https://www.indiatechcollective.org/politicians/bhupathi-raju-srinivasa-varma-narsapuram/,ogd-ls2024-results; adr-ls2024-report
Bhupender Yadav,Rajasthan,ALWAR,Lok Sabha,2024 general election,Bharatiya Janata Party,BJP,0,no,0,machine_checked,winner_at_election,2024-06-04,https://www.indiatechcollective.org/politicians/bhupender-yadav-alwar/,ogd-ls2024-results; adr-ls2024-report
Bibhu Prasad Tarai,Odisha,Jagatsinghpur,Lok Sabha,2024 general election,Bharatiya Janata Party,BJP,3,yes,0,machine_checked,winner_at_election,2024-06-04,https://www.indiatechcollective.org/politicians/bibhu-prasad-tarai-jagatsinghpur/,ogd-ls2024-results; adr-ls2024-report
Bidyut Baran Mahato,Jharkhand,Jamshedpur,Lok Sabha,2024 general election,Bharatiya Janata Party,BJP,1,no,0,machine_checked,winner_at_election,2024-06-04,https://www.indiatechcollective.org/politicians/bidyut-baran-mahato-jamshedpur/,ogd-ls2024-results; adr-ls2024-report
Bijuli Kalita Medhi,Assam,Guwahati,Lok Sabha,2024 general election,Bharatiya Janata Party,BJP,0,no,0,machine_checked,winner_at_election,2024-06-04,https://www.indiatechcollective.org/politicians/bijuli-kalita-medhi-guwahati/,ogd-ls2024-results; adr-ls2024-report
Biplab Kumar Deb,Tripura,Tripura West,Lok Sabha,2024 general election,Bharatiya Janata Party,BJP,0,no,0,machine_checked,winner_at_election,2024-06-04,https://www.indiatechcollective.org/politicians/biplab-kumar-deb-tripura-west/,ogd-ls2024-results; adr-ls2024-report
Birendra Singh,Uttar Pradesh,Chandauli,Lok Sabha,2024 general election,Samajwadi Party,SP,3,yes,0,machine_checked,winner_at_election,2024-06-04,https://www.indiatechcollective.org/politicians/birendra-singh-chandauli/,ogd-ls2024-results; adr-ls2024-report
Bishnu Pada Ray,Andaman and Nicobar Islands,Andaman & Nicobar Islands,Lok Sabha,2024 general election,Bharatiya Janata Party,BJP,0,no,0,machine_checked,winner_at_election,2024-06-04,https://www.indiatechcollective.org/politicians/bishnu-pada-ray-andaman-nicobar-islands/,ogd-ls2024-results; adr-ls2024-report
Brijendra Singh Ola,Rajasthan,JHUNJHUNU,Lok Sabha,2024 general election,Indian National Congress,INC,0,no,0,machine_checked,winner_at_election,2024-06-04,https://www.indiatechcollective.org/politicians/brijendra-singh-ola-jhunjhunu/,ogd-ls2024-results; adr-ls2024-report
Brijmohan Agrawal,Chhattisgarh,RAIPUR,Lok Sabha,2024 general election,Bharatiya Janata Party,BJP,0,no,0,machine_checked,winner_at_election,2024-06-04,https://www.indiatechcollective.org/politicians/brijmohan-agrawal-raipur/,ogd-ls2024-results; adr-ls2024-report
Bunty Vivek Sahu,Madhya Pradesh,CHHINDWARA,Lok Sabha,2024 general election,Bharatiya Janata Party,BJP,1,no,0,machine_checked,winner_at_election,2024-06-04,https://www.indiatechcollective.org/politicians/bunty-vivek-sahu-chhindwara/,ogd-ls2024-results; adr-ls2024-report
C. M. Ramesh,Andhra Pradesh,Anakapalle,Lok Sabha,2024 general election,Bharatiya Janata Party,BJP,5,yes,0,machine_checked,winner_at_election,2024-06-04,https://www.indiatechcollective.org/politicians/c-m-ramesh-anakapalle/,ogd-ls2024-results; adr-ls2024-report
C N Annadurai,Tamil Nadu,TIRUVANNAMALAI,Lok Sabha,2024 general election,Dravida Munnetra Kazhagam,DMK,0,no,0,machine_checked,winner_at_election,2024-06-04,https://www.indiatechcollective.org/politicians/c-n-annadurai-tiruvannamalai/,ogd-ls2024-results; adr-ls2024-report
C R Patil,Gujarat,Navsari,Lok Sabha,2024 general election,Bharatiya Janata Party,BJP,0,no,0,machine_checked,winner_at_election,2024-06-04,https://www.indiatechcollective.org/politicians/c-r-patil-navsari/,ogd-ls2024-results; adr-ls2024-report
Captain Brijesh Chowta,Karnataka,Dakshina Kannada,Lok Sabha,2024 general election,Bharatiya Janata Party,BJP,1,no,0,machine_checked,winner_at_election,2024-06-04,https://www.indiatechcollective.org/politicians/captain-brijesh-chowta-dakshina-kannada/,ogd-ls2024-results; adr-ls2024-report
Captain Viriato Fernandes,Goa,South Goa,Lok Sabha,2024 general election,Indian National Congress,INC,1,no,0,machine_checked,winner_at_election,2024-06-04,https://www.indiatechcollective.org/politicians/captain-viriato-fernandes-south-goa/,ogd-ls2024-results; adr-ls2024-report
Chamala Kiran Kumar Reddy,Telangana,Bhongir,Lok Sabha,2024 general election,Indian National Congress,INC,3,yes,0,machine_checked,winner_at_election,2024-06-04,https://www.indiatechcollective.org/politicians/chamala-kiran-kumar-reddy-bhongir/,ogd-ls2024-results; adr-ls2024-report
Chandan Chauhan,Uttar Pradesh,Bijnor,Lok Sabha,2024 general election,Rashtriya Lok Dal,RLD,3,yes,0,machine_checked,winner_at_election,2024-06-04,https://www.indiatechcollective.org/politicians/chandan-chauhan-bijnor/,ogd-ls2024-results; adr-ls2024-report
Chandra Prakash Choudhary,Jharkhand,Giridih,Lok Sabha,2024 general election,AJSU Party,AJSU,2,yes,0,machine_checked,winner_at_election,2024-06-04,https://www.indiatechcollective.org/politicians/chandra-prakash-choudhary-giridih/,ogd-ls2024-results; adr-ls2024-report
Chandra Prakash Joshi,Rajasthan,CHITTORGARH,Lok Sabha,2024 general election,Bharatiya Janata Party,BJP,0,no,0,machine_checked,winner_at_election,2024-06-04,https://www.indiatechcollective.org/politicians/chandra-prakash-joshi-chittorgarh/,ogd-ls2024-results; adr-ls2024-report
Chandrashekhar,Uttar Pradesh,Nagina,Lok Sabha,2024 general election,Azad Samaj Party (Kanshi Ram),ASP(KR),36,yes,0,machine_checked,winner_at_election,2024-06-04,https://www.indiatechcollective.org/politicians/chandrashekhar-nagina/,ogd-ls2024-results; adr-ls2024-report
Chandubhai Chhaganbhai Shihora,Gujarat,Surendranagar,Lok Sabha,2024 general election,Bharatiya Janata Party,BJP,0,no,0,machine_checked,winner_at_election,2024-06-04,https://www.indiatechcollective.org/politicians/chandubhai-chhaganbhai-shihora-surendranagar/,ogd-ls2024-results; adr-ls2024-report
Charanjit Singh Channi,Punjab,Jalandhar,Lok Sabha,2024 general election,Indian National Congress,INC,0,no,0,machine_checked,winner_at_election,2024-06-04,https://www.indiatechcollective.org/politicians/charanjit-singh-channi-jalandhar/,ogd-ls2024-results; adr-ls2024-report
Chavda Vinod Lakhamshi,Gujarat,Kachchh,Lok Sabha,2024 general election,Bharatiya Janata Party,BJP,0,no,0,machine_checked,winner_at_election,2024-06-04,https://www.indiatechcollective.org/politicians/chavda-vinod-lakhamshi-kachchh/,ogd-ls2024-results; adr-ls2024-report
Chhatra Pal Singh Gangwar,Uttar Pradesh,Bareilly,Lok Sabha,2024 general election,Bharatiya Janata Party,BJP,2,yes,0,machine_checked,winner_at_election,2024-06-04,https://www.indiatechcollective.org/politicians/chhatra-pal-singh-gangwar-bareilly/,ogd-ls2024-results; adr-ls2024-report
Chhatrapati Shahu Shahaji,Maharashtra,Kolhapur,Lok Sabha,2024 general election,Indian National Congress,INC,1,no,0,machine_checked,winner_at_election,2024-06-04,https://www.indiatechcollective.org/politicians/chhatrapati-shahu-shahaji-kolhapur/,ogd-ls2024-results; adr-ls2024-report
Chhotelal,Uttar Pradesh,Robertsganj,Lok Sabha,2024 general election,Samajwadi Party,SP,0,no,0,machine_checked,winner_at_election,2024-06-04,https://www.indiatechcollective.org/politicians/chhotelal-robertsganj/,ogd-ls2024-results; adr-ls2024-report
Chintamani Maharaj,Chhattisgarh,SURGUJA,Lok Sabha,2024 general election,Bharatiya Janata Party,BJP,0,no,0,machine_checked,winner_at_election,2024-06-04,https://www.indiatechcollective.org/politicians/chintamani-maharaj-surguja/,ogd-ls2024-results; adr-ls2024-report
Chirag Paswan,Bihar,Hajipur,Lok Sabha,2024 general election,Lok Janshakti Party (Ram Vilas),LJP(RV),0,no,0,machine_checked,winner_at_election,2024-06-04,https://www.indiatechcollective.org/politicians/chirag-paswan-hajipur/,ogd-ls2024-results; adr-ls2024-report
Chudasama Rajeshbhai Naranbhai,Gujarat,Junagadh,Lok Sabha,2024 general election,Bharatiya Janata Party,BJP,1,yes,0,machine_checked,winner_at_election,2024-06-04,https://www.indiatechcollective.org/politicians/chudasama-rajeshbhai-naranbhai-junagadh/,ogd-ls2024-results; adr-ls2024-report
Dabhi Bharatsinhji Shankarji,Gujarat,Patan,Lok Sabha,2024 general election,Bharatiya Janata Party,BJP,0,no,0,machine_checked,winner_at_election,2024-06-04,https://www.indiatechcollective.org/politicians/dabhi-bharatsinhji-shankarji-patan/,ogd-ls2024-results; adr-ls2024-report
Daggubati Purandheshwari,Andhra Pradesh,Rajahmundry,Lok Sabha,2024 general election,Bharatiya Janata Party,BJP,1,no,0,machine_checked,winner_at_election,2024-06-04,https://www.indiatechcollective.org/politicians/daggubati-purandheshwari-rajahmundry/,ogd-ls2024-results; adr-ls2024-report
Daggumalla Prasada Rao,Andhra Pradesh,Chittoor,Lok Sabha,2024 general election,Telugu Desam Party,TDP,0,no,0,machine_checked,winner_at_election,2024-06-04,https://www.indiatechcollective.org/politicians/daggumalla-prasada-rao-chittoor/,ogd-ls2024-results; adr-ls2024-report
Damodar Agarwal,Rajasthan,BHILWARA,Lok Sabha,2024 general election,Bharatiya Janata Party,BJP,1,no,1,machine_checked,winner_at_election,2024-06-04,https://www.indiatechcollective.org/politicians/damodar-agarwal-bhilwara/,ogd-ls2024-results; adr-ls2024-report
Daroga Prasad Saroj,Uttar Pradesh,Lalganj,Lok Sabha,2024 general election,Samajwadi Party,SP,3,yes,0,machine_checked,winner_at_election,2024-06-04,https://www.indiatechcollective.org/politicians/daroga-prasad-saroj-lalganj/,ogd-ls2024-results; adr-ls2024-report
Darshan Singh Choudhary,Madhya Pradesh,HOSHANGABAD,Lok Sabha,2024 general election,Bharatiya Janata Party,BJP,0,no,0,machine_checked,winner_at_election,2024-06-04,https://www.indiatechcollective.org/politicians/darshan-singh-choudhary-hoshangabad/,ogd-ls2024-results; adr-ls2024-report
Dayanidhi Maran,Tamil Nadu,CHENNAI CENTRAL,Lok Sabha,2024 general election,Dravida Munnetra Kazhagam,DMK,4,yes,0,machine_checked,winner_at_election,2024-06-04,https://www.indiatechcollective.org/politicians/dayanidhi-maran-chennai-central/,ogd-ls2024-results; adr-ls2024-report
Deepender Singh Hooda,Haryana,ROHTAK,Lok Sabha,2024 general election,Indian National Congress,INC,0,no,0,machine_checked,winner_at_election,2024-06-04,https://www.indiatechcollective.org/politicians/deepender-singh-hooda-rohtak/,ogd-ls2024-results; adr-ls2024-report
Delkar Kalaben Mohanbhai,Dadra and Nagar Haveli and Daman and Diu,Dadar & Nagar Haveli,Lok Sabha,2024 general election,Bharatiya Janata Party,BJP,0,no,0,machine_checked,winner_at_election,2024-06-04,https://www.indiatechcollective.org/politicians/delkar-kalaben-mohanbhai-dadar-nagar-haveli/,ogd-ls2024-results; adr-ls2024-report
Devendra Singh Alias Bhole Singh,Uttar Pradesh,Akbarpur,Lok Sabha,2024 general election,Bharatiya Janata Party,BJP,13,yes,0,machine_checked,winner_at_election,2024-06-04,https://www.indiatechcollective.org/politicians/devendra-singh-alias-bhole-singh-akbarpur/,ogd-ls2024-results; adr-ls2024-report
Devesh Chandra Thakur,Bihar,Sitamarhi,Lok Sabha,2024 general election,Janata Dal (United),JD(U),1,yes,0,machine_checked,winner_at_election,2024-06-04,https://www.indiatechcollective.org/politicians/devesh-chandra-thakur-sitamarhi/,ogd-ls2024-results; adr-ls2024-report
Devesh Shakya,Uttar Pradesh,Etah,Lok Sabha,2024 general election,Samajwadi Party,SP,1,no,0,machine_checked,winner_at_election,2024-06-04,https://www.indiatechcollective.org/politicians/devesh-shakya-etah/,ogd-ls2024-results; adr-ls2024-report
Devusinh Chauhan,Gujarat,Kheda,Lok Sabha,2024 general election,Bharatiya Janata Party,BJP,0,no,0,machine_checked,winner_at_election,2024-06-04,https://www.indiatechcollective.org/politicians/devusinh-chauhan-kheda/,ogd-ls2024-results; adr-ls2024-report
Dhairyasheel Sambhajirao Mane,Maharashtra,Hatkanangale,Lok Sabha,2024 general election,Shiv Sena,SHS,0,no,0,machine_checked,winner_at_election,2024-06-04,https://www.indiatechcollective.org/politicians/dhairyasheel-sambhajirao-mane-hatkanangale/,ogd-ls2024-results; adr-ls2024-report
Dhanorkar Pratibha Suresh Alias Balubhau,Maharashtra,Chandrapur,Lok Sabha,2024 general election,Indian National Congress,INC,0,no,0,machine_checked,winner_at_election,2024-06-04,https://www.indiatechcollective.org/politicians/dhanorkar-pratibha-suresh-alias-balubhau-chandrapur/,ogd-ls2024-results; adr-ls2024-report
Dharambir Singh,Haryana,BHIWANI-MAHENDRAGARH,Lok Sabha,2024 general election,Bharatiya Janata Party,BJP,0,no,0,machine_checked,winner_at_election,2024-06-04,https://www.indiatechcollective.org/politicians/dharambir-singh-bhiwani-mahendragarh/,ogd-ls2024-results; adr-ls2024-report
Dharmendra Pradhan,Odisha,Sambalpur,Lok Sabha,2024 general election,Bharatiya Janata Party,BJP,5,yes,0,machine_checked,winner_at_election,2024-06-04,https://www.indiatechcollective.org/politicians/dharmendra-pradhan-sambalpur/,ogd-ls2024-results; adr-ls2024-report
Dharmendra Yadav,Uttar Pradesh,Azamgarh,Lok Sabha,2024 general election,Samajwadi Party,SP,4,yes,0,machine_checked,winner_at_election,2024-06-04,https://www.indiatechcollective.org/politicians/dharmendra-yadav-azamgarh/,ogd-ls2024-results; adr-ls2024-report
Dhaval Laxmanbhai Patel,Gujarat,Valsad,Lok Sabha,2024 general election,Bharatiya Janata Party,BJP,0,no,0,machine_checked,winner_at_election,2024-06-04,https://www.indiatechcollective.org/politicians/dhaval-laxmanbhai-patel-valsad/,ogd-ls2024-results; adr-ls2024-report
Dileshwar Kamait,Bihar,Supaul,Lok Sabha,2024 general election,Janata Dal (United),JD(U),1,yes,0,machine_checked,winner_at_election,2024-06-04,https://www.indiatechcollective.org/politicians/dileshwar-kamait-supaul/,ogd-ls2024-results; adr-ls2024-report
Dilip Saikia,Assam,Darrang-Udalguri,Lok Sabha,2024 general election,Bharatiya Janata Party,BJP,0,no,0,machine_checked,winner_at_election,2024-06-04,https://www.indiatechcollective.org/politicians/dilip-saikia-darrang-udalguri/,ogd-ls2024-results; adr-ls2024-report
Dimple Yadav,Uttar Pradesh,Mainpuri,Lok Sabha,2024 general election,Samajwadi Party,SP,0,no,0,machine_checked,winner_at_election,2024-06-04,https://www.indiatechcollective.org/politicians/dimple-yadav-mainpuri/,ogd-ls2024-results; adr-ls2024-report
Dinesh Chandra Yadav,Bihar,Madhepura,Lok Sabha,2024 general election,Janata Dal (United),JD(U),0,no,0,machine_checked,winner_at_election,2024-06-04,https://www.indiatechcollective.org/politicians/dinesh-chandra-yadav-madhepura/,ogd-ls2024-results; adr-ls2024-report
Dineshbhai Makwana (Advocate),Gujarat,Ahmedabad West,Lok Sabha,2024 general election,Bharatiya Janata Party,BJP,0,no,0,machine_checked,winner_at_election,2024-06-04,https://www.indiatechcollective.org/politicians/dineshbhai-makwana-advocate-ahmedabad-west/,ogd-ls2024-results; adr-ls2024-report
Dm Kathir Anand,Tamil Nadu,VELLORE,Lok Sabha,2024 general election,Dravida Munnetra Kazhagam,DMK,5,yes,0,machine_checked,winner_at_election,2024-06-04,https://www.indiatechcollective.org/politicians/dm-kathir-anand-vellore/,ogd-ls2024-results; adr-ls2024-report
Dr. Alok Kumar Suman,Bihar,Gopalganj,Lok Sabha,2024 general election,Janata Dal (United),JD(U),0,no,0,machine_checked,winner_at_election,2024-06-04,https://www.indiatechcollective.org/politicians/dr-alok-kumar-suman-gopalganj/,ogd-ls2024-results; adr-ls2024-report
Dr. Amol Ramsing Kolhe,Maharashtra,Shirur,Lok Sabha,2024 general election,Nationalist Congress Party – Sharadchandra Pawar,NCP(SP),0,no,0,machine_checked,winner_at_election,2024-06-04,https://www.indiatechcollective.org/politicians/dr-amol-ramsing-kolhe-shirur/,ogd-ls2024-results; adr-ls2024-report
Dr Bhola Singh,Uttar Pradesh,Bulandshahr,Lok Sabha,2024 general election,Bharatiya Janata Party,BJP,1,yes,0,machine_checked,winner_at_election,2024-06-04,https://www.indiatechcollective.org/politicians/dr-bhola-singh-bulandshahr/,ogd-ls2024-results; adr-ls2024-report
Dr Byreddy Shabari,Andhra Pradesh,Nandyal,Lok Sabha,2024 general election,Telugu Desam Party,TDP,2,yes,0,machine_checked,winner_at_election,2024-06-04,https://www.indiatechcollective.org/politicians/dr-byreddy-shabari-nandyal/,ogd-ls2024-results; adr-ls2024-report
Dr C N Manjunath,Karnataka,Bangalore Rural,Lok Sabha,2024 general election,Bharatiya Janata Party,BJP,0,no,0,machine_checked,winner_at_election,2024-06-04,https://www.indiatechcollective.org/politicians/dr-c-n-manjunath-bangalore-rural/,ogd-ls2024-results; adr-ls2024-report
Dr Chandra Sekhar Pemmasani,Andhra Pradesh,Guntur,Lok Sabha,2024 general election,Telugu Desam Party,TDP,1,yes,0,machine_checked,winner_at_election,2024-06-04,https://www.indiatechcollective.org/politicians/dr-chandra-sekhar-pemmasani-guntur/,ogd-ls2024-results; adr-ls2024-report
Dr Dharamvira Gandhi,Punjab,Patiala,Lok Sabha,2024 general election,Indian National Congress,INC,0,no,0,machine_checked,winner_at_election,2024-06-04,https://www.indiatechcollective.org/politicians/dr-dharamvira-gandhi-patiala/,ogd-ls2024-results; adr-ls2024-report
Dr. Hemang Joshi,Gujarat,Vadodara,Lok Sabha,2024 general election,Bharatiya Janata Party,BJP,0,no,0,machine_checked,winner_at_election,2024-06-04,https://www.indiatechcollective.org/politicians/dr-hemang-joshi-vadodara/,ogd-ls2024-results; adr-ls2024-report
Dr. Hemant Vishnu Savara,Maharashtra,Palghar,Lok Sabha,2024 general election,Bharatiya Janata Party,BJP,0,no,0,machine_checked,winner_at_election,2024-06-04,https://www.indiatechcollective.org/politicians/dr-hemant-vishnu-savara-palghar/,ogd-ls2024-results; adr-ls2024-report
Dr Jayanta Kumar Roy,West Bengal,Jalpaiguri,Lok Sabha,2024 general election,Bharatiya Janata Party,BJP,0,no,0,machine_checked,winner_at_election,2024-06-04,https://www.indiatechcollective.org/politicians/dr-jayanta-kumar-roy-jalpaiguri/,ogd-ls2024-results; adr-ls2024-report
Dr Jitendra Singh,Jammu and Kashmir,UDHAMPUR,Lok Sabha,2024 general election,Bharatiya Janata Party,BJP,0,no,0,machine_checked,winner_at_election,2024-06-04,https://www.indiatechcollective.org/politicians/dr-jitendra-singh-udhampur/,ogd-ls2024-results; adr-ls2024-report
Dr. K. Sudhakar,Karnataka,Chikkballapur,Lok Sabha,2024 general election,Bharatiya Janata Party,BJP,1,no,0,machine_checked,winner_at_election,2024-06-04,https://www.indiatechcollective.org/politicians/dr-k-sudhakar-chikkballapur/,ogd-ls2024-results; adr-ls2024-report
Dr. Kalanidhi Veeraswamy,Tamil Nadu,CHENNAI NORTH,Lok Sabha,2024 general election,Dravida Munnetra Kazhagam,DMK,0,no,0,machine_checked,winner_at_election,2024-06-04,https://www.indiatechcollective.org/politicians/dr-kalanidhi-veeraswamy-chennai-north/,ogd-ls2024-results; adr-ls2024-report
Dr. Kalge Shivaji Bandappa,Maharashtra,Latur,Lok Sabha,2024 general election,Indian National Congress,INC,0,no,0,machine_checked,winner_at_election,2024-06-04,https://www.indiatechcollective.org/politicians/dr-kalge-shivaji-bandappa-latur/,ogd-ls2024-results; adr-ls2024-report
Dr. Kirsan Namdeo,Maharashtra,Gadchiroli - Chimur,Lok Sabha,2024 general election,Indian National Congress,INC,0,no,0,machine_checked,winner_at_election,2024-06-04,https://www.indiatechcollective.org/politicians/dr-kirsan-namdeo-gadchiroli-chimur/,ogd-ls2024-results; adr-ls2024-report
Dr. Lata Wankhede,Madhya Pradesh,SAGAR,Lok Sabha,2024 general election,Bharatiya Janata Party,BJP,0,no,0,machine_checked,winner_at_election,2024-06-04,https://www.indiatechcollective.org/politicians/dr-lata-wankhede-sagar/,ogd-ls2024-results; adr-ls2024-report
Dr. M.P Abdussamad Samadani,Kerala,Ponnani,Lok Sabha,2024 general election,Indian Union Muslim League,IUML,1,no,0,machine_checked,winner_at_election,2024-06-04,https://www.indiatechcollective.org/politicians/dr-m-p-abdussamad-samadani-ponnani/,ogd-ls2024-results; adr-ls2024-report
Dr. Mahesh Sharma,Uttar Pradesh,Gautam Buddha Nagar,Lok Sabha,2024 general election,Bharatiya Janata Party,BJP,0,no,0,machine_checked,winner_at_election,2024-06-04,https://www.indiatechcollective.org/politicians/dr-mahesh-sharma-gautam-buddha-nagar/,ogd-ls2024-results; adr-ls2024-report
Dr. Mallu Ravi,Telangana,Nagarkurnool,Lok Sabha,2024 general election,Indian National Congress,INC,6,yes,1,machine_checked,winner_at_election,2024-06-04,https://www.indiatechcollective.org/politicians/dr-mallu-ravi-nagarkurnool/,ogd-ls2024-results; adr-ls2024-report
Dr. Mansukh Mandaviya,Gujarat,Porbandar,Lok Sabha,2024 general election,Bharatiya Janata Party,BJP,0,no,0,machine_checked,winner_at_election,2024-06-04,https://www.indiatechcollective.org/politicians/dr-mansukh-mandaviya-porbandar/,ogd-ls2024-results; adr-ls2024-report
Dr. Prabha Mallikarjun,Karnataka,Davanagere,Lok Sabha,2024 general election,Indian National Congress,INC,0,no,0,machine_checked,winner_at_election,2024-06-04,https://www.indiatechcollective.org/politicians/dr-prabha-mallikarjun-davanagere/,ogd-ls2024-results; adr-ls2024-report
Dr Pradeep Kumar Panigrahy,Odisha,Berhampur,Lok Sabha,2024 general election,Bharatiya Janata Party,BJP,9,yes,0,machine_checked,winner_at_election,2024-06-04,https://www.indiatechcollective.org/politicians/dr-pradeep-kumar-panigrahy-berhampur/,ogd-ls2024-results; adr-ls2024-report
Dr. Prashant Yadaorao Padole,Maharashtra,Bhandara Gondiya,Lok Sabha,2024 general election,Indian National Congress,INC,0,no,0,machine_checked,winner_at_election,2024-06-04,https://www.indiatechcollective.org/politicians/dr-prashant-yadaorao-padole-bhandara-gondiya/,ogd-ls2024-results; adr-ls2024-report
Dr. Raj Kumar Chabbewal,Punjab,Hoshiarpur,Lok Sabha,2024 general election,Aam Aadmi Party,AAP,0,no,0,machine_checked,winner_at_election,2024-06-04,https://www.indiatechcollective.org/politicians/dr-raj-kumar-chabbewal-hoshiarpur/,ogd-ls2024-results; adr-ls2024-report
Dr. Rajesh Mishra,Madhya Pradesh,SIDHI,Lok Sabha,2024 general election,Bharatiya Janata Party,BJP,1,no,0,machine_checked,winner_at_election,2024-06-04,https://www.indiatechcollective.org/politicians/dr-rajesh-mishra-sidhi/,ogd-ls2024-results; adr-ls2024-report
Dr Rajkumar Sangwan,Uttar Pradesh,Baghpat,Lok Sabha,2024 general election,Rashtriya Lok Dal,RLD,3,yes,0,machine_checked,winner_at_election,2024-06-04,https://www.indiatechcollective.org/politicians/dr-rajkumar-sangwan-baghpat/,ogd-ls2024-results; adr-ls2024-report
Dr Rani Sri Kumar,Tamil Nadu,TENKASI,Lok Sabha,2024 general election,Dravida Munnetra Kazhagam,DMK,0,no,0,machine_checked,winner_at_election,2024-06-04,https://www.indiatechcollective.org/politicians/dr-rani-sri-kumar-tenkasi/,ogd-ls2024-results; adr-ls2024-report
Dr. Ricky Andrew J. Syngkon,Meghalaya,Shillong,Lok Sabha,2024 general election,Voice of the People Party,VOTPP,0,no,0,machine_checked,winner_at_election,2024-06-04,https://www.indiatechcollective.org/politicians/dr-ricky-andrew-j-syngkon-shillong/,ogd-ls2024-results; adr-ls2024-report
Dr.Sanjay Jaiswal,Bihar,Paschim Champaran,Lok Sabha,2024 general election,Bharatiya Janata Party,BJP,5,yes,0,machine_checked,winner_at_election,2024-06-04,https://www.indiatechcollective.org/politicians/dr-sanjay-jaiswal-paschim-champaran/,ogd-ls2024-results; adr-ls2024-report
Dr. Sharmila Sarkar,West Bengal,Bardhaman Purba,Lok Sabha,2024 general election,All India Trinamool Congress,AITC,0,no,0,machine_checked,winner_at_election,2024-06-04,https://www.indiatechcollective.org/politicians/dr-sharmila-sarkar-bardhaman-purba/,ogd-ls2024-results; adr-ls2024-report
Dr Shrikant Eknath Shinde,Maharashtra,Kalyan,Lok Sabha,2024 general election,Shiv Sena,SHS,0,no,0,machine_checked,winner_at_election,2024-06-04,https://www.indiatechcollective.org/politicians/dr-shrikant-eknath-shinde-kalyan/,ogd-ls2024-results; adr-ls2024-report
Dr. Vinod Kumar Bind,Uttar Pradesh,Bhadohi,Lok Sabha,2024 general election,Bharatiya Janata Party,BJP,0,no,0,machine_checked,winner_at_election,2024-06-04,https://www.indiatechcollective.org/politicians/dr-vinod-kumar-bind-bhadohi/,ogd-ls2024-results; adr-ls2024-report
Dr. Virendra Kumar,Madhya Pradesh,TIKAMGARH,Lok Sabha,2024 general election,Bharatiya Janata Party,BJP,0,no,0,machine_checked,winner_at_election,2024-06-04,https://www.indiatechcollective.org/politicians/dr-virendra-kumar-tikamgarh/,ogd-ls2024-results; adr-ls2024-report
Dulu Mahato,Jharkhand,Dhanbad,Lok Sabha,2024 general election,Bharatiya Janata Party,BJP,22,yes,2,machine_checked,winner_at_election,2024-06-04,https://www.indiatechcollective.org/politicians/dulu-mahato-dhanbad/,ogd-ls2024-results; adr-ls2024-report
Durai Vaiko,Tamil Nadu,TIRUCHIRAPPALLI,Lok Sabha,2024 general election,Marumalarchi Dravida Munnetra Kazhagam,MDMK,0,no,0,machine_checked,winner_at_election,2024-06-04,https://www.indiatechcollective.org/politicians/durai-vaiko-tiruchirappalli/,ogd-ls2024-results; adr-ls2024-report
Durgadas (D. D.) Uikey,Madhya Pradesh,BETUL,Lok Sabha,2024 general election,Bharatiya Janata Party,BJP,0,no,0,machine_checked,winner_at_election,2024-06-04,https://www.indiatechcollective.org/politicians/durgadas-d-d-uikey-betul/,ogd-ls2024-results; adr-ls2024-report
Dushyant Singh,Rajasthan,JHALAWAR-BARAN,Lok Sabha,2024 general election,Bharatiya Janata Party,BJP,0,no,0,machine_checked,winner_at_election,2024-06-04,https://www.indiatechcollective.org/politicians/dushyant-singh-jhalawar-baran/,ogd-ls2024-results; adr-ls2024-report
E.T. Mohammed Basheer,Kerala,Malappuram,Lok Sabha,2024 general election,Indian Union Muslim League,IUML,1,no,0,machine_checked,winner_at_election,2024-06-04,https://www.indiatechcollective.org/politicians/e-t-mohammed-basheer-malappuram/,ogd-ls2024-results; adr-ls2024-report
E. Tukaram,Karnataka,Bellary,Lok Sabha,2024 general election,Indian National Congress,INC,0,no,0,machine_checked,winner_at_election,2024-06-04,https://www.indiatechcollective.org/politicians/e-tukaram-bellary/,ogd-ls2024-results; adr-ls2024-report
Eatala Rajender,Telangana,Malkajgiri,Lok Sabha,2024 general election,Bharatiya Janata Party,BJP,45,yes,5,machine_checked,winner_at_election,2024-06-04,https://www.indiatechcollective.org/politicians/eatala-rajender-malkajgiri/,ogd-ls2024-results; adr-ls2024-report
Eswarasamy K,Tamil Nadu,POLLACHI,Lok Sabha,2024 general election,Dravida Munnetra Kazhagam,DMK,1,no,0,machine_checked,winner_at_election,2024-06-04,https://www.indiatechcollective.org/politicians/eswarasamy-k-pollachi/,ogd-ls2024-results; adr-ls2024-report
Faggan Singh Kulaste,Madhya Pradesh,MANDLA,Lok Sabha,2024 general election,Bharatiya Janata Party,BJP,0,no,0,machine_checked,winner_at_election,2024-06-04,https://www.indiatechcollective.org/politicians/faggan-singh-kulaste-mandla/,ogd-ls2024-results; adr-ls2024-report
G. Kishan Reddy,Telangana,Secunderabad,Lok Sabha,2024 general election,Bharatiya Janata Party,BJP,0,no,0,machine_checked,winner_at_election,2024-06-04,https://www.indiatechcollective.org/politicians/g-kishan-reddy-secunderabad/,ogd-ls2024-results; adr-ls2024-report
G. Kumar Naik,Karnataka,Raichur,Lok Sabha,2024 general election,Indian National Congress,INC,0,no,0,machine_checked,winner_at_election,2024-06-04,https://www.indiatechcollective.org/politicians/g-kumar-naik-raichur/,ogd-ls2024-results; adr-ls2024-report
G M Harish (Balayogi),Andhra Pradesh,Amalapuram,Lok Sabha,2024 general election,Telugu Desam Party,TDP,0,no,0,machine_checked,winner_at_election,2024-06-04,https://www.indiatechcollective.org/politicians/g-m-harish-balayogi-amalapuram/,ogd-ls2024-results; adr-ls2024-report
Gaddigoudar Parvatgouda Chandangouda,Karnataka,Bagalkot,Lok Sabha,2024 general election,Bharatiya Janata Party,BJP,0,no,0,machine_checked,winner_at_election,2024-06-04,https://www.indiatechcollective.org/politicians/gaddigoudar-parvatgouda-chandangouda-bagalkot/,ogd-ls2024-results; adr-ls2024-report
Gaikwad Varsha Eknath,Maharashtra,Mumbai North Central,Lok Sabha,2024 general election,Indian National Congress,INC,7,no,0,machine_checked,winner_at_election,2024-06-04,https://www.indiatechcollective.org/politicians/gaikwad-varsha-eknath-mumbai-north-central/,ogd-ls2024-results; adr-ls2024-report
Gajendra Singh Patel,Madhya Pradesh,KHARGONE,Lok Sabha,2024 general election,Bharatiya Janata Party,BJP,0,no,0,machine_checked,winner_at_election,2024-06-04,https://www.indiatechcollective.org/politicians/gajendra-singh-patel-khargone/,ogd-ls2024-results; adr-ls2024-report
Gajendra Singh Shekhawat,Rajasthan,JODHPUR,Lok Sabha,2024 general election,Bharatiya Janata Party,BJP,0,no,0,machine_checked,winner_at_election,2024-06-04,https://www.indiatechcollective.org/politicians/gajendra-singh-shekhawat-jodhpur/,ogd-ls2024-results; adr-ls2024-report
Ganapathy Rajkumar P,Tamil Nadu,COIMBATORE,Lok Sabha,2024 general election,Dravida Munnetra Kazhagam,DMK,1,no,1,machine_checked,winner_at_election,2024-06-04,https://www.indiatechcollective.org/politicians/ganapathy-rajkumar-p-coimbatore/,ogd-ls2024-results; adr-ls2024-report
Ganesh Singh,Madhya Pradesh,SATNA,Lok Sabha,2024 general election,Bharatiya Janata Party,BJP,3,yes,0,machine_checked,winner_at_election,2024-06-04,https://www.indiatechcollective.org/politicians/ganesh-singh-satna/,ogd-ls2024-results; adr-ls2024-report
Gaurav Gogoi,Assam,Jorhat,Lok Sabha,2024 general election,Indian National Congress,INC,1,yes,0,machine_checked,winner_at_election,2024-06-04,https://www.indiatechcollective.org/politicians/gaurav-gogoi-jorhat/,ogd-ls2024-results; adr-ls2024-report
Geniben Nagaji Thakor,Gujarat,Banaskantha,Lok Sabha,2024 general election,Indian National Congress,INC,1,yes,0,machine_checked,winner_at_election,2024-06-04,https://www.indiatechcollective.org/politicians/geniben-nagaji-thakor-banaskantha/,ogd-ls2024-results; adr-ls2024-report
Giridhari Yadav,Bihar,Banka,Lok Sabha,2024 general election,Janata Dal (United),JD(U),0,no,0,machine_checked,winner_at_election,2024-06-04,https://www.indiatechcollective.org/politicians/giridhari-yadav-banka/,ogd-ls2024-results; adr-ls2024-report
Giriraj Singh,Bihar,Begusarai,Lok Sabha,2024 general election,Bharatiya Janata Party,BJP,3,yes,0,machine_checked,winner_at_election,2024-06-04,https://www.indiatechcollective.org/politicians/giriraj-singh-begusarai/,ogd-ls2024-results; adr-ls2024-report
Godam Nagesh,Telangana,Adilabad,Lok Sabha,2024 general election,Bharatiya Janata Party,BJP,1,no,0,machine_checked,winner_at_election,2024-06-04,https://www.indiatechcollective.org/politicians/godam-nagesh-adilabad/,ogd-ls2024-results; adr-ls2024-report
Gopal Jee Thakur,Bihar,Darbhanga,Lok Sabha,2024 general election,Bharatiya Janata Party,BJP,1,no,0,machine_checked,winner_at_election,2024-06-04,https://www.indiatechcollective.org/politicians/gopal-jee-thakur-darbhanga/,ogd-ls2024-results; adr-ls2024-report
Gopinath K,Tamil Nadu,KRISHNAGIRI,Lok Sabha,2024 general election,Indian National Congress,INC,0,no,0,machine_checked,winner_at_election,2024-06-04,https://www.indiatechcollective.org/politicians/gopinath-k-krishnagiri/,ogd-ls2024-results; adr-ls2024-report
Govind Makthappa Karjol,Karnataka,Chitradurga,Lok Sabha,2024 general election,Bharatiya Janata Party,BJP,0,no,0,machine_checked,winner_at_election,2024-06-04,https://www.indiatechcollective.org/politicians/govind-makthappa-karjol-chitradurga/,ogd-ls2024-results; adr-ls2024-report
Gumma Thanuja Rani,Andhra Pradesh,Araku,Lok Sabha,2024 general election,Yuvajana Sramika Rythu Congress Party,YSRCP,0,no,0,machine_checked,winner_at_election,2024-06-04,https://www.indiatechcollective.org/politicians/gumma-thanuja-rani-araku/,ogd-ls2024-results; adr-ls2024-report
Gurjeet Singh Aujla,Punjab,Amritsar,Lok Sabha,2024 general election,Indian National Congress,INC,0,no,0,machine_checked,winner_at_election,2024-06-04,https://www.indiatechcollective.org/politicians/gurjeet-singh-aujla-amritsar/,ogd-ls2024-results; adr-ls2024-report
Gurmeet Singh Hayer,Punjab,Sangrur,Lok Sabha,2024 general election,Aam Aadmi Party,AAP,2,yes,0,machine_checked,winner_at_election,2024-06-04,https://www.indiatechcollective.org/politicians/gurmeet-singh-hayer-sangrur/,ogd-ls2024-results; adr-ls2024-report
Gurumoorthy Maddila,Andhra Pradesh,Thirupathi,Lok Sabha,2024 general election,Yuvajana Sramika Rythu Congress Party,YSRCP,0,no,0,machine_checked,winner_at_election,2024-06-04,https://www.indiatechcollective.org/politicians/gurumoorthy-maddila-thirupathi/,ogd-ls2024-results; adr-ls2024-report
Gyaneshwar Patil,Madhya Pradesh,KHANDWA,Lok Sabha,2024 general election,Bharatiya Janata Party,BJP,1,no,0,machine_checked,winner_at_election,2024-06-04,https://www.indiatechcollective.org/politicians/gyaneshwar-patil-khandwa/,ogd-ls2024-results; adr-ls2024-report
H.D. Kumaraswamy,Karnataka,Mandya,Lok Sabha,2024 general election,Janata Dal (Secular),JD(S),3,yes,0,machine_checked,winner_at_election,2024-06-04,https://www.indiatechcollective.org/politicians/h-d-kumaraswamy-mandya/,ogd-ls2024-results; adr-ls2024-report
Hanuman Beniwal,Rajasthan,NAGAUR,Lok Sabha,2024 general election,Rashtriya Loktantrik Party,RLP,1,yes,0,machine_checked,winner_at_election,2024-06-04,https://www.indiatechcollective.org/politicians/hanuman-beniwal-nagaur/,ogd-ls2024-results; adr-ls2024-report
Harendra Singh Malik,Uttar Pradesh,Muzaffarnagar,Lok Sabha,2024 general election,Samajwadi Party,SP,1,no,0,machine_checked,winner_at_election,2024-06-04,https://www.indiatechcollective.org/politicians/harendra-singh-malik-muzaffarnagar/,ogd-ls2024-results; adr-ls2024-report
Haribhai Patel,Gujarat,Mahesana,Lok Sabha,2024 general election,Bharatiya Janata Party,BJP,0,no,0,machine_checked,winner_at_election,2024-06-04,https://www.indiatechcollective.org/politicians/haribhai-patel-mahesana/,ogd-ls2024-results; adr-ls2024-report
Harish Chandra Meena,Rajasthan,TONK-SAWAI MADHOPUR,Lok Sabha,2024 general election,Indian National Congress,INC,0,no,0,machine_checked,winner_at_election,2024-06-04,https://www.indiatechcollective.org/politicians/harish-chandra-meena-tonk-sawai-madhopur/,ogd-ls2024-results; adr-ls2024-report
Harsh Malhotra,Delhi,East Delhi,Lok Sabha,2024 general election,Bharatiya Janata Party,BJP,0,no,0,machine_checked,winner_at_election,2024-06-04,https://www.indiatechcollective.org/politicians/harsh-malhotra-east-delhi/,ogd-ls2024-results; adr-ls2024-report
Harsimrat Kaur Badal,Punjab,Bathinda,Lok Sabha,2024 general election,Shiromani Akali Dal,SAD,0,no,0,machine_checked,winner_at_election,2024-06-04,https://www.indiatechcollective.org/politicians/harsimrat-kaur-badal-bathinda/,ogd-ls2024-results; adr-ls2024-report
Hasmukhbhai Patel (H.S. Patel),Gujarat,Ahmedabad East,Lok Sabha,2024 general election,Bharatiya Janata Party,BJP,0,no,0,machine_checked,winner_at_election,2024-06-04,https://www.indiatechcollective.org/politicians/hasmukhbhai-patel-h-s-patel-ahmedabad-east/,ogd-ls2024-results; adr-ls2024-report
Hegde Vishweshwar,Karnataka,Uttara Kannada,Lok Sabha,2024 general election,Bharatiya Janata Party,BJP,0,no,0,machine_checked,winner_at_election,2024-06-04,https://www.indiatechcollective.org/politicians/hegde-vishweshwar-uttara-kannada/,ogd-ls2024-results; adr-ls2024-report
Hemamalini Dharmendra Deol,Uttar Pradesh,Mathura,Lok Sabha,2024 general election,Bharatiya Janata Party,BJP,0,no,0,machine_checked,winner_at_election,2024-06-04,https://www.indiatechcollective.org/politicians/hemamalini-dharmendra-deol-mathura/,ogd-ls2024-results; adr-ls2024-report
Hibi Eden,Kerala,Ernakulam,Lok Sabha,2024 general election,Indian National Congress,INC,10,no,2,machine_checked,winner_at_election,2024-06-04,https://www.indiatechcollective.org/politicians/hibi-eden-ernakulam/,ogd-ls2024-results; adr-ls2024-report
Imran Masood,Uttar Pradesh,Saharanpur,Lok Sabha,2024 general election,Indian National Congress,INC,8,yes,1,machine_checked,winner_at_election,2024-06-04,https://www.indiatechcollective.org/politicians/imran-masood-saharanpur/,ogd-ls2024-results; adr-ls2024-report
Indra Hang Subba,Sikkim,Sikkim,Lok Sabha,2024 general election,Sikkim Krantikari Morcha,SKM,0,no,0,machine_checked,winner_at_election,2024-06-04,https://www.indiatechcollective.org/politicians/indra-hang-subba-sikkim/,ogd-ls2024-results; adr-ls2024-report
Iqra Choudhary,Uttar Pradesh,Kairana,Lok Sabha,2024 general election,Samajwadi Party,SP,0,no,0,machine_checked,winner_at_election,2024-06-04,https://www.indiatechcollective.org/politicians/iqra-choudhary-kairana/,ogd-ls2024-results; adr-ls2024-report
Isha Khan Choudhury,West Bengal,Maldaha Dakshin,Lok Sabha,2024 general election,Indian National Congress,INC,0,no,0,machine_checked,winner_at_election,2024-06-04,https://www.indiatechcollective.org/politicians/isha-khan-choudhury-maldaha-dakshin/,ogd-ls2024-results; adr-ls2024-report
Jadhav Prataprao Ganpatrao,Maharashtra,Buldhana,Lok Sabha,2024 general election,Shiv Sena,SHS,2,no,0,machine_checked,winner_at_election,2024-06-04,https://www.indiatechcollective.org/politicians/jadhav-prataprao-ganpatrao-buldhana/,ogd-ls2024-results; adr-ls2024-report
Jadhav Sanjay (Bandu) Haribhau,Maharashtra,Parbhani,Lok Sabha,2024 general election,Shiv Sena (Uddhav Balasaheb Thackrey),SHS(UBT),6,yes,0,machine_checked,winner_at_election,2024-06-04,https://www.indiatechcollective.org/politicians/jadhav-sanjay-bandu-haribhau-parbhani/,ogd-ls2024-results; adr-ls2024-report
Jagadish Chandra Barma Basunia,West Bengal,Coochbehar,Lok Sabha,2024 general election,All India Trinamool Congress,AITC,1,yes,0,machine_checked,winner_at_election,2024-06-04,https://www.indiatechcollective.org/politicians/jagadish-chandra-barma-basunia-coochbehar/,ogd-ls2024-results; adr-ls2024-report
Jagadish Shettar,Karnataka,Belgaum,Lok Sabha,2024 general election,Bharatiya Janata Party,BJP,0,no,0,machine_checked,winner_at_election,2024-06-04,https://www.indiatechcollective.org/politicians/jagadish-shettar-belgaum/,ogd-ls2024-results; adr-ls2024-report
Jagannath Sarkar,West Bengal,Ranaghat,Lok Sabha,2024 general election,Bharatiya Janata Party,BJP,4,yes,0,machine_checked,winner_at_election,2024-06-04,https://www.indiatechcollective.org/politicians/jagannath-sarkar-ranaghat/,ogd-ls2024-results; adr-ls2024-report
Jagdambika Pal,Uttar Pradesh,Domariyaganj,Lok Sabha,2024 general election,Bharatiya Janata Party,BJP,1,no,1,machine_checked,winner_at_election,2024-06-04,https://www.indiatechcollective.org/politicians/jagdambika-pal-domariyaganj/,ogd-ls2024-results; adr-ls2024-report
Jai Parkash (J P) S/O Harikesh,Haryana,HISAR,Lok Sabha,2024 general election,Indian National Congress,INC,0,no,0,machine_checked,winner_at_election,2024-06-04,https://www.indiatechcollective.org/politicians/jai-parkash-j-p-s-o-harikesh-hisar/,ogd-ls2024-results; adr-ls2024-report
Jai Prakash,Uttar Pradesh,Hardoi,Lok Sabha,2024 general election,Bharatiya Janata Party,BJP,0,no,0,machine_checked,winner_at_election,2024-06-04,https://www.indiatechcollective.org/politicians/jai-prakash-hardoi/,ogd-ls2024-results; adr-ls2024-report
Janardan Mishra S/O Ramdhar Prasad Mishra,Madhya Pradesh,REWA,Lok Sabha,2024 general election,Bharatiya Janata Party,BJP,0,no,0,machine_checked,winner_at_election,2024-06-04,https://www.indiatechcollective.org/politicians/janardan-mishra-s-o-ramdhar-prasad-mishra-rewa/,ogd-ls2024-results; adr-ls2024-report
Janardan Singh (Sigriwal),Bihar,Maharajganj,Lok Sabha,2024 general election,Bharatiya Janata Party,BJP,5,yes,0,machine_checked,winner_at_election,2024-06-04,https://www.indiatechcollective.org/politicians/janardan-singh-sigriwal-maharajganj/,ogd-ls2024-results; adr-ls2024-report
Jashubhai Bhilubhai Rathva,Gujarat,Chhota Udaipur,Lok Sabha,2024 general election,Bharatiya Janata Party,BJP,1,no,0,machine_checked,winner_at_election,2024-06-04,https://www.indiatechcollective.org/politicians/jashubhai-bhilubhai-rathva-chhota-udaipur/,ogd-ls2024-results; adr-ls2024-report
Jaswantsinh Sumanbhai Bhabhor,Gujarat,Dahod,Lok Sabha,2024 general election,Bharatiya Janata Party,BJP,0,no,0,machine_checked,winner_at_election,2024-06-04,https://www.indiatechcollective.org/politicians/jaswantsinh-sumanbhai-bhabhor-dahod/,ogd-ls2024-results; adr-ls2024-report
Jitan Ram Manjhi,Bihar,Gaya,Lok Sabha,2024 general election,Hindustani Awam Morcha (Secular),HAM(S),6,yes,0,machine_checked,winner_at_election,2024-06-04,https://www.indiatechcollective.org/politicians/jitan-ram-manjhi-gaya/,ogd-ls2024-results; adr-ls2024-report
Jitendra Kumar Dohare,Uttar Pradesh,Etawah,Lok Sabha,2024 general election,Samajwadi Party,SP,0,no,0,machine_checked,winner_at_election,2024-06-04,https://www.indiatechcollective.org/politicians/jitendra-kumar-dohare-etawah/,ogd-ls2024-results; adr-ls2024-report
Jitin Prasada,Uttar Pradesh,Pilibhit,Lok Sabha,2024 general election,Bharatiya Janata Party,BJP,0,no,0,machine_checked,winner_at_election,2024-06-04,https://www.indiatechcollective.org/politicians/jitin-prasada-pilibhit/,ogd-ls2024-results; adr-ls2024-report
Joba Majhi,Jharkhand,Singhbhum,Lok Sabha,2024 general election,Jharkhand Mukti Morcha,JMM,0,no,0,machine_checked,winner_at_election,2024-06-04,https://www.indiatechcollective.org/politicians/joba-majhi-singhbhum/,ogd-ls2024-results; adr-ls2024-report
Jothimani. S,Tamil Nadu,KARUR,Lok Sabha,2024 general election,Indian National Congress,INC,1,yes,0,machine_checked,winner_at_election,2024-06-04,https://www.indiatechcollective.org/politicians/jothimani-s-karur/,ogd-ls2024-results; adr-ls2024-report
Joyanta Basumatary,Assam,Kokrajhar,Lok Sabha,2024 general election,United People's Party Liberal,UPPL,1,no,0,machine_checked,winner_at_election,2024-06-04,https://www.indiatechcollective.org/politicians/joyanta-basumatary-kokrajhar/,ogd-ls2024-results; adr-ls2024-report
Jual Oram,Odisha,Sundargarh,Lok Sabha,2024 general election,Bharatiya Janata Party,BJP,3,no,0,machine_checked,winner_at_election,2024-06-04,https://www.indiatechcollective.org/politicians/jual-oram-sundargarh/,ogd-ls2024-results; adr-ls2024-report
Jugal Kishore,Jammu and Kashmir,JAMMU,Lok Sabha,2024 general election,Bharatiya Janata Party,BJP,0,no,0,machine_checked,winner_at_election,2024-06-04,https://www.indiatechcollective.org/politicians/jugal-kishore-jammu/,ogd-ls2024-results; adr-ls2024-report
June Maliah,West Bengal,Medinipur,Lok Sabha,2024 general election,All India Trinamool Congress,AITC,0,no,0,machine_checked,winner_at_election,2024-06-04,https://www.indiatechcollective.org/politicians/june-maliah-medinipur/,ogd-ls2024-results; adr-ls2024-report
Jyotiraditya M. Scindia,Madhya Pradesh,GUNA,Lok Sabha,2024 general election,Bharatiya Janata Party,BJP,0,no,0,machine_checked,winner_at_election,2024-06-04,https://www.indiatechcollective.org/politicians/jyotiraditya-m-scindia-guna/,ogd-ls2024-results; adr-ls2024-report
Jyotirmay Singh Mahato,West Bengal,Purulia,Lok Sabha,2024 general election,Bharatiya Janata Party,BJP,3,yes,0,machine_checked,winner_at_election,2024-06-04,https://www.indiatechcollective.org/politicians/jyotirmay-singh-mahato-purulia/,ogd-ls2024-results; adr-ls2024-report
Jyotsna Charandas Mahant,Chhattisgarh,KORBA,Lok Sabha,2024 general election,Indian National Congress,INC,0,no,0,machine_checked,winner_at_election,2024-06-04,https://www.indiatechcollective.org/politicians/jyotsna-charandas-mahant-korba/,ogd-ls2024-results; adr-ls2024-report
K. C Venugopal,Kerala,Alappuzha,Lok Sabha,2024 general election,Indian National Congress,INC,1,yes,0,machine_checked,winner_at_election,2024-06-04,https://www.indiatechcollective.org/politicians/k-c-venugopal-alappuzha/,ogd-ls2024-results; adr-ls2024-report
K E Prakash,Tamil Nadu,ERODE,Lok Sabha,2024 general election,Dravida Munnetra Kazhagam,DMK,0,no,0,machine_checked,winner_at_election,2024-06-04,https://www.indiatechcollective.org/politicians/k-e-prakash-erode/,ogd-ls2024-results; adr-ls2024-report
K Navaskani,Tamil Nadu,RAMANATHAPURAM,Lok Sabha,2024 general election,Indian Union Muslim League,IUML,1,no,0,machine_checked,winner_at_election,2024-06-04,https://www.indiatechcollective.org/politicians/k-navaskani-ramanathapuram/,ogd-ls2024-results; adr-ls2024-report
K. Radhakrishnan,Kerala,Alathur,Lok Sabha,2024 general election,Communist Party of India (Marxist),CPI(M),0,no,0,machine_checked,winner_at_election,2024-06-04,https://www.indiatechcollective.org/politicians/k-radhakrishnan-alathur/,ogd-ls2024-results; adr-ls2024-report
K. Rajashekar Basavaraj Hitnal,Karnataka,Koppal,Lok Sabha,2024 general election,Indian National Congress,INC,3,yes,0,machine_checked,winner_at_election,2024-06-04,https://www.indiatechcollective.org/politicians/k-rajashekar-basavaraj-hitnal-koppal/,ogd-ls2024-results; adr-ls2024-report
K Subbarayan,Tamil Nadu,TIRUPPUR,Lok Sabha,2024 general election,Communist Party of India,CPI,1,no,0,machine_checked,winner_at_election,2024-06-04,https://www.indiatechcollective.org/politicians/k-subbarayan-tiruppur/,ogd-ls2024-results; adr-ls2024-report
K. Sudhakaran,Kerala,Kannur,Lok Sabha,2024 general election,Indian National Congress,INC,14,yes,2,machine_checked,winner_at_election,2024-06-04,https://www.indiatechcollective.org/politicians/k-sudhakaran-kannur/,ogd-ls2024-results; adr-ls2024-report
Kadiyam Kavya,Telangana,Warangal,Lok Sabha,2024 general election,Indian National Congress,INC,0,no,0,machine_checked,winner_at_election,2024-06-04,https://www.indiatechcollective.org/politicians/kadiyam-kavya-warangal/,ogd-ls2024-results; adr-ls2024-report
Kakoli Ghosh Dastidar,West Bengal,Barasat,Lok Sabha,2024 general election,All India Trinamool Congress,AITC,2,no,0,machine_checked,winner_at_election,2024-06-04,https://www.indiatechcollective.org/politicians/kakoli-ghosh-dastidar-barasat/,ogd-ls2024-results; adr-ls2024-report
Kali Charan Munda,Jharkhand,Khunti,Lok Sabha,2024 general election,Indian National Congress,INC,0,no,0,machine_checked,winner_at_election,2024-06-04,https://www.indiatechcollective.org/politicians/kali-charan-munda-khunti/,ogd-ls2024-results; adr-ls2024-report
Kali Charan Singh,Jharkhand,Chatra,Lok Sabha,2024 general election,Bharatiya Janata Party,BJP,2,no,0,machine_checked,winner_at_election,2024-06-04,https://www.indiatechcollective.org/politicians/kali-charan-singh-chatra/,ogd-ls2024-results; adr-ls2024-report
Kalipada Saren Kherwal,West Bengal,Jhargram,Lok Sabha,2024 general election,All India Trinamool Congress,AITC,0,no,0,machine_checked,winner_at_election,2024-06-04,https://www.indiatechcollective.org/politicians/kalipada-saren-kherwal-jhargram/,ogd-ls2024-results; adr-ls2024-report
Kalyan Banerjee,West Bengal,Sreerampur,Lok Sabha,2024 general election,All India Trinamool Congress,AITC,0,no,0,machine_checked,winner_at_election,2024-06-04,https://www.indiatechcollective.org/politicians/kalyan-banerjee-sreerampur/,ogd-ls2024-results; adr-ls2024-report
Kalyan Vaijinathrao Kale,Maharashtra,Jalna,Lok Sabha,2024 general election,Indian National Congress,INC,2,no,0,machine_checked,winner_at_election,2024-06-04,https://www.indiatechcollective.org/politicians/kalyan-vaijinathrao-kale-jalna/,ogd-ls2024-results; adr-ls2024-report
Kamakhya Prasad Tasa,Assam,Kaziranga,Lok Sabha,2024 general election,Bharatiya Janata Party,BJP,0,no,0,machine_checked,winner_at_election,2024-06-04,https://www.indiatechcollective.org/politicians/kamakhya-prasad-tasa-kaziranga/,ogd-ls2024-results; adr-ls2024-report
Kamaljeet Sehrawat,Delhi,West Delhi,Lok Sabha,2024 general election,Bharatiya Janata Party,BJP,0,no,0,machine_checked,winner_at_election,2024-06-04,https://www.indiatechcollective.org/politicians/kamaljeet-sehrawat-west-delhi/,ogd-ls2024-results; adr-ls2024-report
Kamlesh Jangde,Chhattisgarh,JANJGIR-CHAMPA,Lok Sabha,2024 general election,Bharatiya Janata Party,BJP,0,no,0,machine_checked,winner_at_election,2024-06-04,https://www.indiatechcollective.org/politicians/kamlesh-jangde-janjgir-champa/,ogd-ls2024-results; adr-ls2024-report
Kamlesh Paswan,Uttar Pradesh,Bansgaon,Lok Sabha,2024 general election,Bharatiya Janata Party,BJP,9,yes,2,machine_checked,winner_at_election,2024-06-04,https://www.indiatechcollective.org/politicians/kamlesh-paswan-bansgaon/,ogd-ls2024-results; adr-ls2024-report
Kangna Ranaut,Himachal Pradesh,MANDI,Lok Sabha,2024 general election,Bharatiya Janata Party,BJP,8,yes,0,machine_checked,winner_at_election,2024-06-04,https://www.indiatechcollective.org/politicians/kangna-ranaut-mandi/,ogd-ls2024-results; adr-ls2024-report
Kanimozhi Karunanidhi,Tamil Nadu,THOOTHUKKUDI,Lok Sabha,2024 general election,Dravida Munnetra Kazhagam,DMK,2,yes,0,machine_checked,winner_at_election,2024-06-04,https://www.indiatechcollective.org/politicians/kanimozhi-karunanidhi-thoothukkudi/,ogd-ls2024-results; adr-ls2024-report
Kanwar Singh Tanwar,Uttar Pradesh,Amroha,Lok Sabha,2024 general election,Bharatiya Janata Party,BJP,1,yes,0,machine_checked,winner_at_election,2024-06-04,https://www.indiatechcollective.org/politicians/kanwar-singh-tanwar-amroha/,ogd-ls2024-results; adr-ls2024-report
Karan Bhushan Singh,Uttar Pradesh,Kaiserganj,Lok Sabha,2024 general election,Bharatiya Janata Party,BJP,0,no,0,machine_checked,winner_at_election,2024-06-04,https://www.indiatechcollective.org/politicians/karan-bhushan-singh-kaiserganj/,ogd-ls2024-results; adr-ls2024-report
Karti P Chidambaram,Tamil Nadu,SIVAGANGA,Lok Sabha,2024 general election,Indian National Congress,INC,11,yes,0,machine_checked,winner_at_election,2024-06-04,https://www.indiatechcollective.org/politicians/karti-p-chidambaram-sivaganga/,ogd-ls2024-results; adr-ls2024-report
Kartick Chandra Paul,West Bengal,Raiganj,Lok Sabha,2024 general election,Bharatiya Janata Party,BJP,0,no,0,machine_checked,winner_at_election,2024-06-04,https://www.indiatechcollective.org/politicians/kartick-chandra-paul-raiganj/,ogd-ls2024-results; adr-ls2024-report
Kaushalendra Kumar,Bihar,Nalanda,Lok Sabha,2024 general election,Janata Dal (United),JD(U),0,no,0,machine_checked,winner_at_election,2024-06-04,https://www.indiatechcollective.org/politicians/kaushalendra-kumar-nalanda/,ogd-ls2024-results; adr-ls2024-report
Kesineni Sivanath (Chinni),Andhra Pradesh,Vijayawada,Lok Sabha,2024 general election,Telugu Desam Party,TDP,0,no,0,machine_checked,winner_at_election,2024-06-04,https://www.indiatechcollective.org/politicians/kesineni-sivanath-chinni-vijayawada/,ogd-ls2024-results; adr-ls2024-report
Khadse Raksha Nikhil,Maharashtra,Raver,Lok Sabha,2024 general election,Bharatiya Janata Party,BJP,0,no,0,machine_checked,winner_at_election,2024-06-04,https://www.indiatechcollective.org/politicians/khadse-raksha-nikhil-raver/,ogd-ls2024-results; adr-ls2024-report
Khagen Murmu,West Bengal,Maldaha Uttar,Lok Sabha,2024 general election,Bharatiya Janata Party,BJP,7,yes,0,machine_checked,winner_at_election,2024-06-04,https://www.indiatechcollective.org/politicians/khagen-murmu-maldaha-uttar/,ogd-ls2024-results; adr-ls2024-report
Khalilur Rahaman,West Bengal,Jangipur,Lok Sabha,2024 general election,All India Trinamool Congress,AITC,0,no,0,machine_checked,winner_at_election,2024-06-04,https://www.indiatechcollective.org/politicians/khalilur-rahaman-jangipur/,ogd-ls2024-results; adr-ls2024-report
Khan Saumitra,West Bengal,Bishnupur,Lok Sabha,2024 general election,Bharatiya Janata Party,BJP,15,yes,0,machine_checked,winner_at_election,2024-06-04,https://www.indiatechcollective.org/politicians/khan-saumitra-bishnupur/,ogd-ls2024-results; adr-ls2024-report
Kinjarapu Rammohan Naidu,Andhra Pradesh,Srikakulam,Lok Sabha,2024 general election,Telugu Desam Party,TDP,4,no,0,machine_checked,winner_at_election,2024-06-04,https://www.indiatechcollective.org/politicians/kinjarapu-rammohan-naidu-srikakulam/,ogd-ls2024-results; adr-ls2024-report
Kiren Rijiju,Arunachal Pradesh,Arunachal West,Lok Sabha,2024 general election,Bharatiya Janata Party,BJP,0,no,0,machine_checked,winner_at_election,2024-06-04,https://www.indiatechcollective.org/politicians/kiren-rijiju-arunachal-west/,ogd-ls2024-results; adr-ls2024-report
Kirtivardhan Singh,Uttar Pradesh,Gonda,Lok Sabha,2024 general election,Bharatiya Janata Party,BJP,3,yes,0,machine_checked,winner_at_election,2024-06-04,https://www.indiatechcollective.org/politicians/kirtivardhan-singh-gonda/,ogd-ls2024-results; adr-ls2024-report
Kishori Lal,Uttar Pradesh,Amethi,Lok Sabha,2024 general election,Indian National Congress,INC,0,no,0,machine_checked,winner_at_election,2024-06-04,https://www.indiatechcollective.org/politicians/kishori-lal-amethi/,ogd-ls2024-results; adr-ls2024-report
Kodikunnil Suresh,Kerala,Mavelikkara,Lok Sabha,2024 general election,Indian National Congress,INC,6,yes,0,machine_checked,winner_at_election,2024-06-04,https://www.indiatechcollective.org/politicians/kodikunnil-suresh-mavelikkara/,ogd-ls2024-results; adr-ls2024-report
Konda Vishweshwar Reddy,Telangana,Chevella,Lok Sabha,2024 general election,Bharatiya Janata Party,BJP,4,yes,0,machine_checked,winner_at_election,2024-06-04,https://www.indiatechcollective.org/politicians/konda-vishweshwar-reddy-chevella/,ogd-ls2024-results; adr-ls2024-report
Kota Srinivas Poojary,Karnataka,Udupi Chikmagalur,Lok Sabha,2024 general election,Bharatiya Janata Party,BJP,0,no,0,machine_checked,winner_at_election,2024-06-04,https://www.indiatechcollective.org/politicians/kota-srinivas-poojary-udupi-chikmagalur/,ogd-ls2024-results; adr-ls2024-report
Kripanath Mallah,Assam,Karimganj,Lok Sabha,2024 general election,Bharatiya Janata Party,BJP,0,no,0,machine_checked,winner_at_election,2024-06-04,https://www.indiatechcollective.org/politicians/kripanath-mallah-karimganj/,ogd-ls2024-results; adr-ls2024-report
Krishan Pal,Haryana,FARIDABAD,Lok Sabha,2024 general election,Bharatiya Janata Party,BJP,0,no,0,machine_checked,winner_at_election,2024-06-04,https://www.indiatechcollective.org/politicians/krishan-pal-faridabad/,ogd-ls2024-results; adr-ls2024-report
Krishna Devi Shivshanker Patel,Uttar Pradesh,Banda,Lok Sabha,2024 general election,Samajwadi Party,SP,0,no,0,machine_checked,winner_at_election,2024-06-04,https://www.indiatechcollective.org/politicians/krishna-devi-shivshanker-patel-banda/,ogd-ls2024-results; adr-ls2024-report
Krishna Prasad Tenneti,Andhra Pradesh,Bapatla,Lok Sabha,2024 general election,Telugu Desam Party,TDP,0,no,0,machine_checked,winner_at_election,2024-06-04,https://www.indiatechcollective.org/politicians/krishna-prasad-tenneti-bapatla/,ogd-ls2024-results; adr-ls2024-report
Kriti Devi Debbarman,Tripura,Tripura East,Lok Sabha,2024 general election,Bharatiya Janata Party,BJP,0,no,0,machine_checked,winner_at_election,2024-06-04,https://www.indiatechcollective.org/politicians/kriti-devi-debbarman-tripura-east/,ogd-ls2024-results; adr-ls2024-report
Kuldeep Indora,Rajasthan,GANGANAGAR,Lok Sabha,2024 general election,Indian National Congress,INC,0,no,0,machine_checked,winner_at_election,2024-06-04,https://www.indiatechcollective.org/politicians/kuldeep-indora-ganganagar/,ogd-ls2024-results; adr-ls2024-report
Kunduru Raghuveer,Telangana,Nalgonda,Lok Sabha,2024 general election,Indian National Congress,INC,2,no,0,machine_checked,winner_at_election,2024-06-04,https://www.indiatechcollective.org/politicians/kunduru-raghuveer-nalgonda/,ogd-ls2024-results; adr-ls2024-report
Lalji Verma,Uttar Pradesh,Ambedkar Nagar,Lok Sabha,2024 general election,Samajwadi Party,SP,2,yes,0,machine_checked,winner_at_election,2024-06-04,https://www.indiatechcollective.org/politicians/lalji-verma-ambedkar-nagar/,ogd-ls2024-results; adr-ls2024-report
Lavu Srikrishna Devarayalu,Andhra Pradesh,Narsaraopet,Lok Sabha,2024 general election,Telugu Desam Party,TDP,0,no,0,machine_checked,winner_at_election,2024-06-04,https://www.indiatechcollective.org/politicians/lavu-srikrishna-devarayalu-narsaraopet/,ogd-ls2024-results; adr-ls2024-report
Laxmikant Pappu Nishad,Uttar Pradesh,Sant Kabir Nagar,Lok Sabha,2024 general election,Samajwadi Party,SP,3,yes,0,machine_checked,winner_at_election,2024-06-04,https://www.indiatechcollective.org/politicians/laxmikant-pappu-nishad-sant-kabir-nagar/,ogd-ls2024-results; adr-ls2024-report
Lovely Anand,Bihar,Sheohar,Lok Sabha,2024 general election,Janata Dal (United),JD(U),0,no,0,machine_checked,winner_at_election,2024-06-04,https://www.indiatechcollective.org/politicians/lovely-anand-sheohar/,ogd-ls2024-results; adr-ls2024-report
Lumbaram,Rajasthan,JALORE,Lok Sabha,2024 general election,Bharatiya Janata Party,BJP,0,no,0,machine_checked,winner_at_election,2024-06-04,https://www.indiatechcollective.org/politicians/lumbaram-jalore/,ogd-ls2024-results; adr-ls2024-report
M. K. Raghavan,Kerala,Kozhikode,Lok Sabha,2024 general election,Indian National Congress,INC,4,yes,0,machine_checked,winner_at_election,2024-06-04,https://www.indiatechcollective.org/politicians/m-k-raghavan-kozhikode/,ogd-ls2024-results; adr-ls2024-report
M.K. Vishnuprasad,Tamil Nadu,CUDDALORE,Lok Sabha,2024 general election,Indian National Congress,INC,1,yes,0,machine_checked,winner_at_election,2024-06-04,https://www.indiatechcollective.org/politicians/m-k-vishnuprasad-cuddalore/,ogd-ls2024-results; adr-ls2024-report
M. Mallesh Babu,Karnataka,Kolar,Lok Sabha,2024 general election,Janata Dal (Secular),JD(S),1,yes,0,machine_checked,winner_at_election,2024-06-04,https://www.indiatechcollective.org/politicians/m-mallesh-babu-kolar/,ogd-ls2024-results; adr-ls2024-report
Madhavaneni Raghunandan Rao,Telangana,Medak,Lok Sabha,2024 general election,Bharatiya Janata Party,BJP,29,yes,0,machine_checked,winner_at_election,2024-06-04,https://www.indiatechcollective.org/politicians/madhavaneni-raghunandan-rao-medak/,ogd-ls2024-results; adr-ls2024-report
Magunta Sreenivasulu Reddy,Andhra Pradesh,Ongole,Lok Sabha,2024 general election,Telugu Desam Party,TDP,0,no,0,machine_checked,winner_at_election,2024-06-04,https://www.indiatechcollective.org/politicians/magunta-sreenivasulu-reddy-ongole/,ogd-ls2024-results; adr-ls2024-report
Mahendra Singh Solanky,Madhya Pradesh,DEWAS,Lok Sabha,2024 general election,Bharatiya Janata Party,BJP,2,yes,0,machine_checked,winner_at_election,2024-06-04,https://www.indiatechcollective.org/politicians/mahendra-singh-solanky-dewas/,ogd-ls2024-results; adr-ls2024-report
Mahesh Kashyap,Chhattisgarh,BASTAR,Lok Sabha,2024 general election,Bharatiya Janata Party,BJP,0,no,0,machine_checked,winner_at_election,2024-06-04,https://www.indiatechcollective.org/politicians/mahesh-kashyap-bastar/,ogd-ls2024-results; adr-ls2024-report
Mahima Kumari Mewar,Rajasthan,RAJSAMAND,Lok Sabha,2024 general election,Bharatiya Janata Party,BJP,0,no,0,machine_checked,winner_at_election,2024-06-04,https://www.indiatechcollective.org/politicians/mahima-kumari-mewar-rajsamand/,ogd-ls2024-results; adr-ls2024-report
Mahua Moitra,West Bengal,Krishnanagar,Lok Sabha,2024 general election,All India Trinamool Congress,AITC,1,no,0,machine_checked,winner_at_election,2024-06-04,https://www.indiatechcollective.org/politicians/mahua-moitra-krishnanagar/,ogd-ls2024-results; adr-ls2024-report
Mala Rajya Lakshmi Shah,Uttarakhand,Tehri Garhwal,Lok Sabha,2024 general election,Bharatiya Janata Party,BJP,0,no,0,machine_checked,winner_at_election,2024-06-04,https://www.indiatechcollective.org/politicians/mala-rajya-lakshmi-shah-tehri-garhwal/,ogd-ls2024-results; adr-ls2024-report
Mala Roy,West Bengal,Kolkata Dakshin,Lok Sabha,2024 general election,All India Trinamool Congress,AITC,1,no,0,machine_checked,winner_at_election,2024-06-04,https://www.indiatechcollective.org/politicians/mala-roy-kolkata-dakshin/,ogd-ls2024-results; adr-ls2024-report
Malaiyarasan D,Tamil Nadu,KALLAKURICHI,Lok Sabha,2024 general election,Dravida Munnetra Kazhagam,DMK,4,no,0,machine_checked,winner_at_election,2024-06-04,https://www.indiatechcollective.org/politicians/malaiyarasan-d-kallakurichi/,ogd-ls2024-results; adr-ls2024-report
Malvika Devi,Odisha,Kalahandi,Lok Sabha,2024 general election,Bharatiya Janata Party,BJP,0,no,0,machine_checked,winner_at_election,2024-06-04,https://www.indiatechcollective.org/politicians/malvika-devi-kalahandi/,ogd-ls2024-results; adr-ls2024-report
Malvinder Singh Kang,Punjab,Anandpur Sahib,Lok Sabha,2024 general election,Aam Aadmi Party,AAP,0,no,0,machine_checked,winner_at_election,2024-06-04,https://www.indiatechcollective.org/politicians/malvinder-singh-kang-anandpur-sahib/,ogd-ls2024-results; adr-ls2024-report
Mani. A.,Tamil Nadu,DHARMAPURI,Lok Sabha,2024 general election,Dravida Munnetra Kazhagam,DMK,1,no,0,machine_checked,winner_at_election,2024-06-04,https://www.indiatechcollective.org/politicians/mani-a-dharmapuri/,ogd-ls2024-results; adr-ls2024-report
Manickam Tagore B,Tamil Nadu,VIRUDHUNAGAR,Lok Sabha,2024 general election,Indian National Congress,INC,1,no,0,machine_checked,winner_at_election,2024-06-04,https://www.indiatechcollective.org/politicians/manickam-tagore-b-virudhunagar/,ogd-ls2024-results; adr-ls2024-report
Manish Jaiswal,Jharkhand,Hazaribagh,Lok Sabha,2024 general election,Bharatiya Janata Party,BJP,2,yes,0,machine_checked,winner_at_election,2024-06-04,https://www.indiatechcollective.org/politicians/manish-jaiswal-hazaribagh/,ogd-ls2024-results; adr-ls2024-report
Manish Tewari,Chandigarh,Chandigarh,Lok Sabha,2024 general election,Indian National Congress,INC,0,no,0,machine_checked,winner_at_election,2024-06-04,https://www.indiatechcollective.org/politicians/manish-tewari-chandigarh/,ogd-ls2024-results; adr-ls2024-report
Manju Sharma,Rajasthan,JAIPUR,Lok Sabha,2024 general election,Bharatiya Janata Party,BJP,0,no,0,machine_checked,winner_at_election,2024-06-04,https://www.indiatechcollective.org/politicians/manju-sharma-jaipur/,ogd-ls2024-results; adr-ls2024-report
Manna Lal Rawat,Rajasthan,UDAIPUR,Lok Sabha,2024 general election,Bharatiya Janata Party,BJP,0,no,0,machine_checked,winner_at_election,2024-06-04,https://www.indiatechcollective.org/politicians/manna-lal-rawat-udaipur/,ogd-ls2024-results; adr-ls2024-report
Manohar Lal,Haryana,KARNAL,Lok Sabha,2024 general election,Bharatiya Janata Party,BJP,0,no,0,machine_checked,winner_at_election,2024-06-04,https://www.indiatechcollective.org/politicians/manohar-lal-karnal/,ogd-ls2024-results; adr-ls2024-report
Manoj Kumar,Bihar,Sasaram,Lok Sabha,2024 general election,Indian National Congress,INC,1,yes,0,machine_checked,winner_at_election,2024-06-04,https://www.indiatechcollective.org/politicians/manoj-kumar-sasaram/,ogd-ls2024-results; adr-ls2024-report
Manoj Tigga,West Bengal,Alipurduars,Lok Sabha,2024 general election,Bharatiya Janata Party,BJP,6,yes,0,machine_checked,winner_at_election,2024-06-04,https://www.indiatechcollective.org/politicians/manoj-tigga-alipurduars/,ogd-ls2024-results; adr-ls2024-report
Manoj Tiwari,Delhi,North-East Delhi,Lok Sabha,2024 general election,Bharatiya Janata Party,BJP,2,yes,0,machine_checked,winner_at_election,2024-06-04,https://www.indiatechcollective.org/politicians/manoj-tiwari-north-east-delhi/,ogd-ls2024-results; adr-ls2024-report
Mansukhbhai Dhanjibhai Vasava,Gujarat,Bharuch,Lok Sabha,2024 general election,Bharatiya Janata Party,BJP,0,no,0,machine_checked,winner_at_election,2024-06-04,https://www.indiatechcollective.org/politicians/mansukhbhai-dhanjibhai-vasava-bharuch/,ogd-ls2024-results; adr-ls2024-report
Matheswaran V S,Tamil Nadu,NAMAKKAL,Lok Sabha,2024 general election,Dravida Munnetra Kazhagam,DMK,3,no,1,machine_checked,winner_at_election,2024-06-04,https://www.indiatechcollective.org/politicians/matheswaran-v-s-namakkal/,ogd-ls2024-results; adr-ls2024-report
Mian Altaf Ahmad,Jammu and Kashmir,ANANTNAG-RAJOURI,Lok Sabha,2024 general election,Jammu & Kashmir National Conference,JKN,0,no,0,machine_checked,winner_at_election,2024-06-04,https://www.indiatechcollective.org/politicians/mian-altaf-ahmad-anantnag-rajouri/,ogd-ls2024-results; adr-ls2024-report
Misha Bharti,Bihar,Patliputra,Lok Sabha,2024 general election,Rashtriya Janata Dal,RJD,6,yes,0,machine_checked,winner_at_election,2024-06-04,https://www.indiatechcollective.org/politicians/misha-bharti-patliputra/,ogd-ls2024-results; adr-ls2024-report
Mitali Bag,West Bengal,Arambag,Lok Sabha,2024 general election,All India Trinamool Congress,AITC,0,no,0,machine_checked,winner_at_election,2024-06-04,https://www.indiatechcollective.org/politicians/mitali-bag-arambag/,ogd-ls2024-results; adr-ls2024-report
Mitesh Patel (Bakabhai),Gujarat,Anand,Lok Sabha,2024 general election,Bharatiya Janata Party,BJP,0,no,0,machine_checked,winner_at_election,2024-06-04,https://www.indiatechcollective.org/politicians/mitesh-patel-bakabhai-anand/,ogd-ls2024-results; adr-ls2024-report
Mohammad Jawed,Bihar,Kishanganj,Lok Sabha,2024 general election,Indian National Congress,INC,0,no,0,machine_checked,winner_at_election,2024-06-04,https://www.indiatechcollective.org/politicians/mohammad-jawed-kishanganj/,ogd-ls2024-results; adr-ls2024-report
Mohibbullah,Uttar Pradesh,Rampur,Lok Sabha,2024 general election,Samajwadi Party,SP,3,yes,0,machine_checked,winner_at_election,2024-06-04,https://www.indiatechcollective.org/politicians/mohibbullah-rampur/,ogd-ls2024-results; adr-ls2024-report
Mohite-Patil Dhairyasheel Rajsinh,Maharashtra,Madha,Lok Sabha,2024 general election,Nationalist Congress Party – Sharadchandra Pawar,NCP(SP),36,yes,0,machine_checked,winner_at_election,2024-06-04,https://www.indiatechcollective.org/politicians/mohite-patil-dhairyasheel-rajsinh-madha/,ogd-ls2024-results; adr-ls2024-report
Mohmad Haneefa,Ladakh,Ladakh,Lok Sabha,2024 general election,Independent,IND,0,no,0,machine_checked,winner_at_election,2024-06-04,https://www.indiatechcollective.org/politicians/mohmad-haneefa-ladakh/,ogd-ls2024-results; adr-ls2024-report
Muhammed Hamdullah Sayeed,Lakshadweep,Lakshadweep,Lok Sabha,2024 general election,Indian National Congress,INC,0,no,0,machine_checked,winner_at_election,2024-06-04,https://www.indiatechcollective.org/politicians/muhammed-hamdullah-sayeed-lakshadweep/,ogd-ls2024-results; adr-ls2024-report
Mukesh Rajput,Uttar Pradesh,Farrukhabad,Lok Sabha,2024 general election,Bharatiya Janata Party,BJP,0,no,0,machine_checked,winner_at_election,2024-06-04,https://www.indiatechcollective.org/politicians/mukesh-rajput-farrukhabad/,ogd-ls2024-results; adr-ls2024-report
Mukeshkumar Chandrakaant Dalal,Gujarat,Surat,Lok Sabha,2024 general election,Bharatiya Janata Party,BJP,0,no,0,machine_checked,winner_at_election,2024-06-04,https://www.indiatechcollective.org/politicians/mukeshkumar-chandrakaant-dalal-surat/,ogd-ls2024-results; adr-ls2024-report
Murari Lal Meena,Rajasthan,DAUSA,Lok Sabha,2024 general election,Indian National Congress,INC,0,no,0,machine_checked,winner_at_election,2024-06-04,https://www.indiatechcollective.org/politicians/murari-lal-meena-dausa/,ogd-ls2024-results; adr-ls2024-report
Murasoli S,Tamil Nadu,THANJAVUR,Lok Sabha,2024 general election,Dravida Munnetra Kazhagam,DMK,6,no,0,machine_checked,winner_at_election,2024-06-04,https://www.indiatechcollective.org/politicians/murasoli-s-thanjavur/,ogd-ls2024-results; adr-ls2024-report
Murlidhar Mohol,Maharashtra,Pune,Lok Sabha,2024 general election,Bharatiya Janata Party,BJP,3,yes,0,machine_checked,winner_at_election,2024-06-04,https://www.indiatechcollective.org/politicians/murlidhar-mohol-pune/,ogd-ls2024-results; adr-ls2024-report
N K Premachandran,Kerala,Kollam,Lok Sabha,2024 general election,Revolutionary Socialist Party,RSP,5,yes,0,machine_checked,winner_at_election,2024-06-04,https://www.indiatechcollective.org/politicians/n-k-premachandran-kollam/,ogd-ls2024-results; adr-ls2024-report
Naba Charan Majhi,Odisha,Mayurbhanj,Lok Sabha,2024 general election,Bharatiya Janata Party,BJP,1,no,0,machine_checked,winner_at_election,2024-06-04,https://www.indiatechcollective.org/politicians/naba-charan-majhi-mayurbhanj/,ogd-ls2024-results; adr-ls2024-report
Nalin Soren,Jharkhand,Dumka,Lok Sabha,2024 general election,Jharkhand Mukti Morcha,JMM,2,yes,0,machine_checked,winner_at_election,2024-06-04,https://www.indiatechcollective.org/politicians/nalin-soren-dumka/,ogd-ls2024-results; adr-ls2024-report
Narayan Das Ahirwar,Uttar Pradesh,Jalaun,Lok Sabha,2024 general election,Samajwadi Party,SP,0,no,0,machine_checked,winner_at_election,2024-06-04,https://www.indiatechcollective.org/politicians/narayan-das-ahirwar-jalaun/,ogd-ls2024-results; adr-ls2024-report
Narayan Tatu Rane,Maharashtra,Ratnagiri- Sindhudurg,Lok Sabha,2024 general election,Bharatiya Janata Party,BJP,7,yes,0,machine_checked,winner_at_election,2024-06-04,https://www.indiatechcollective.org/politicians/narayan-tatu-rane-ratnagiri-sindhudurg/,ogd-ls2024-results; adr-ls2024-report
Narendra Modi,Uttar Pradesh,Varanasi,Lok Sabha,2024 general election,Bharatiya Janata Party,BJP,0,no,0,machine_checked,winner_at_election,2024-06-04,https://www.indiatechcollective.org/politicians/narendra-modi-varanasi/,ogd-ls2024-results; adr-ls2024-report
Naresh Chandra Uttam Patel,Uttar Pradesh,Fatehpur,Lok Sabha,2024 general election,Samajwadi Party,SP,0,no,0,machine_checked,winner_at_election,2024-06-04,https://www.indiatechcollective.org/politicians/naresh-chandra-uttam-patel-fatehpur/,ogd-ls2024-results; adr-ls2024-report
Naresh Ganpat Mhaske,Maharashtra,Thane,Lok Sabha,2024 general election,Shiv Sena,SHS,2,yes,0,machine_checked,winner_at_election,2024-06-04,https://www.indiatechcollective.org/politicians/naresh-ganpat-mhaske-thane/,ogd-ls2024-results; adr-ls2024-report
Naveen Jindal,Haryana,KURUKSHETRA,Lok Sabha,2024 general election,Bharatiya Janata Party,BJP,9,yes,0,machine_checked,winner_at_election,2024-06-04,https://www.indiatechcollective.org/politicians/naveen-jindal-kurukshetra/,ogd-ls2024-results; adr-ls2024-report
Neeraj Maurya,Uttar Pradesh,Aonla,Lok Sabha,2024 general election,Samajwadi Party,SP,0,no,0,machine_checked,winner_at_election,2024-06-04,https://www.indiatechcollective.org/politicians/neeraj-maurya-aonla/,ogd-ls2024-results; adr-ls2024-report
Nilesh Dnyandev Lanke,Maharashtra,Ahmednagar,Lok Sabha,2024 general election,Nationalist Congress Party – Sharadchandra Pawar,NCP(SP),2,no,0,machine_checked,winner_at_election,2024-06-04,https://www.indiatechcollective.org/politicians/nilesh-dnyandev-lanke-ahmednagar/,ogd-ls2024-results; adr-ls2024-report
Nimuben Jayantibhai Bambhaniya (Nimuben Bambhaniya),Gujarat,Bhavnagar,Lok Sabha,2024 general election,Bharatiya Janata Party,BJP,0,no,0,machine_checked,winner_at_election,2024-06-04,https://www.indiatechcollective.org/politicians/nimuben-jayantibhai-bambhaniya-nimuben-bambhaniya-bhavnagar/,ogd-ls2024-results; adr-ls2024-report
Nishikant Dubey,Jharkhand,Godda,Lok Sabha,2024 general election,Bharatiya Janata Party,BJP,8,yes,0,machine_checked,winner_at_election,2024-06-04,https://www.indiatechcollective.org/politicians/nishikant-dubey-godda/,ogd-ls2024-results; adr-ls2024-report
Nitin Jairam Gadkari,Maharashtra,Nagpur,Lok Sabha,2024 general election,Bharatiya Janata Party,BJP,10,yes,0,machine_checked,winner_at_election,2024-06-04,https://www.indiatechcollective.org/politicians/nitin-jairam-gadkari-nagpur/,ogd-ls2024-results; adr-ls2024-report
Nityanand Rai,Bihar,Ujiarpur,Lok Sabha,2024 general election,Bharatiya Janata Party,BJP,3,yes,0,machine_checked,winner_at_election,2024-06-04,https://www.indiatechcollective.org/politicians/nityanand-rai-ujiarpur/,ogd-ls2024-results; adr-ls2024-report
Om Birla,Rajasthan,KOTA,Lok Sabha,2024 general election,Bharatiya Janata Party,BJP,0,no,0,machine_checked,winner_at_election,2024-06-04,https://www.indiatechcollective.org/politicians/om-birla-kota/,ogd-ls2024-results; adr-ls2024-report
Omprakash Bhupalsinh Alias Pavan Rajenimbalkar,Maharashtra,Osmanabad,Lok Sabha,2024 general election,Shiv Sena (Uddhav Balasaheb Thackrey),SHS(UBT),2,yes,0,machine_checked,winner_at_election,2024-06-04,https://www.indiatechcollective.org/politicians/omprakash-bhupalsinh-alias-pavan-rajenimbalkar-osmanabad/,ogd-ls2024-results; adr-ls2024-report
P C Mohan,Karnataka,Bangalore central,Lok Sabha,2024 general election,Bharatiya Janata Party,BJP,2,yes,0,machine_checked,winner_at_election,2024-06-04,https://www.indiatechcollective.org/politicians/p-c-mohan-bangalore-central/,ogd-ls2024-results; adr-ls2024-report
P. P. Chaudhary,Rajasthan,PALI,Lok Sabha,2024 general election,Bharatiya Janata Party,BJP,0,no,0,machine_checked,winner_at_election,2024-06-04,https://www.indiatechcollective.org/politicians/p-p-chaudhary-pali/,ogd-ls2024-results; adr-ls2024-report
P V Midhun Reddy,Andhra Pradesh,Rajampet,Lok Sabha,2024 general election,Yuvajana Sramika Rythu Congress Party,YSRCP,0,no,0,machine_checked,winner_at_election,2024-06-04,https://www.indiatechcollective.org/politicians/p-v-midhun-reddy-rajampet/,ogd-ls2024-results; adr-ls2024-report
Pankaj Chaudhary,Uttar Pradesh,Maharajganj,Lok Sabha,2024 general election,Bharatiya Janata Party,BJP,0,no,0,machine_checked,winner_at_election,2024-06-04,https://www.indiatechcollective.org/politicians/pankaj-chaudhary-maharajganj/,ogd-ls2024-results; adr-ls2024-report
Parbhubhai Nagarbhai Vasava,Gujarat,Bardoli,Lok Sabha,2024 general election,Bharatiya Janata Party,BJP,0,no,0,machine_checked,winner_at_election,2024-06-04,https://www.indiatechcollective.org/politicians/parbhubhai-nagarbhai-vasava-bardoli/,ogd-ls2024-results; adr-ls2024-report
Parimal Suklabaidya,Assam,Silchar,Lok Sabha,2024 general election,Bharatiya Janata Party,BJP,0,no,0,machine_checked,winner_at_election,2024-06-04,https://www.indiatechcollective.org/politicians/parimal-suklabaidya-silchar/,ogd-ls2024-results; adr-ls2024-report
Parshottambhai Rupala,Gujarat,Rajkot,Lok Sabha,2024 general election,Bharatiya Janata Party,BJP,3,no,0,machine_checked,winner_at_election,2024-06-04,https://www.indiatechcollective.org/politicians/parshottambhai-rupala-rajkot/,ogd-ls2024-results; adr-ls2024-report
Partha Bhowmick,West Bengal,Barrackpur,Lok Sabha,2024 general election,All India Trinamool Congress,AITC,2,yes,0,machine_checked,winner_at_election,2024-06-04,https://www.indiatechcollective.org/politicians/partha-bhowmick-barrackpur/,ogd-ls2024-results; adr-ls2024-report
Patel Umeshbhai Babubhai,Dadra and Nagar Haveli and Daman and Diu,Daman & Diu,Lok Sabha,2024 general election,Independent,IND,14,yes,0,machine_checked,winner_at_election,2024-06-04,https://www.indiatechcollective.org/politicians/patel-umeshbhai-babubhai-daman-diu/,ogd-ls2024-results; adr-ls2024-report
Pathan Yusuf,West Bengal,Baharampur,Lok Sabha,2024 general election,All India Trinamool Congress,AITC,0,no,0,machine_checked,winner_at_election,2024-06-04,https://www.indiatechcollective.org/politicians/pathan-yusuf-baharampur/,ogd-ls2024-results; adr-ls2024-report
Phani Bhusan Choudhury,Assam,Barpeta,Lok Sabha,2024 general election,Asom Gana Parishad,AGP,1,yes,0,machine_checked,winner_at_election,2024-06-04,https://www.indiatechcollective.org/politicians/phani-bhusan-choudhury-barpeta/,ogd-ls2024-results; adr-ls2024-report
Piyush Goyal,Maharashtra,Mumbai North,Lok Sabha,2024 general election,Bharatiya Janata Party,BJP,0,no,0,machine_checked,winner_at_election,2024-06-04,https://www.indiatechcollective.org/politicians/piyush-goyal-mumbai-north/,ogd-ls2024-results; adr-ls2024-report
Poonamben Hematbhai Maadam,Gujarat,Jamnagar,Lok Sabha,2024 general election,Bharatiya Janata Party,BJP,0,no,0,machine_checked,winner_at_election,2024-06-04,https://www.indiatechcollective.org/politicians/poonamben-hematbhai-maadam-jamnagar/,ogd-ls2024-results; adr-ls2024-report
Prabhakar Reddy Vemireddy,Andhra Pradesh,Nellore,Lok Sabha,2024 general election,Telugu Desam Party,TDP,6,no,0,machine_checked,winner_at_election,2024-06-04,https://www.indiatechcollective.org/politicians/prabhakar-reddy-vemireddy-nellore/,ogd-ls2024-results; adr-ls2024-report
Pradan Baruah,Assam,Lakhimpur,Lok Sabha,2024 general election,Bharatiya Janata Party,BJP,0,no,0,machine_checked,winner_at_election,2024-06-04,https://www.indiatechcollective.org/politicians/pradan-baruah-lakhimpur/,ogd-ls2024-results; adr-ls2024-report
Pradeep Kumar Singh,Bihar,Araria,Lok Sabha,2024 general election,Bharatiya Janata Party,BJP,4,yes,0,machine_checked,winner_at_election,2024-06-04,https://www.indiatechcollective.org/politicians/pradeep-kumar-singh-araria/,ogd-ls2024-results; adr-ls2024-report
Pradeep Purohit,Odisha,Bargarh,Lok Sabha,2024 general election,Bharatiya Janata Party,BJP,8,yes,0,machine_checked,winner_at_election,2024-06-04,https://www.indiatechcollective.org/politicians/pradeep-purohit-bargarh/,ogd-ls2024-results; adr-ls2024-report
Pradyut Bordoloi,Assam,Nagaon,Lok Sabha,2024 general election,Indian National Congress,INC,0,no,0,machine_checked,winner_at_election,2024-06-04,https://www.indiatechcollective.org/politicians/pradyut-bordoloi-nagaon/,ogd-ls2024-results; adr-ls2024-report
Pralhad Joshi,Karnataka,Dharwad,Lok Sabha,2024 general election,Bharatiya Janata Party,BJP,0,no,0,machine_checked,winner_at_election,2024-06-04,https://www.indiatechcollective.org/politicians/pralhad-joshi-dharwad/,ogd-ls2024-results; adr-ls2024-report
Praniti Sushilkumar Shinde,Maharashtra,Solapur,Lok Sabha,2024 general election,Indian National Congress,INC,3,yes,0,machine_checked,winner_at_election,2024-06-04,https://www.indiatechcollective.org/politicians/praniti-sushilkumar-shinde-solapur/,ogd-ls2024-results; adr-ls2024-report
Prasun Banerjee,West Bengal,Howrah,Lok Sabha,2024 general election,All India Trinamool Congress,AITC,1,no,0,machine_checked,winner_at_election,2024-06-04,https://www.indiatechcollective.org/politicians/prasun-banerjee-howrah/,ogd-ls2024-results; adr-ls2024-report
Pratap Chandra Sarangi,Odisha,Balasore,Lok Sabha,2024 general election,Bharatiya Janata Party,BJP,9,yes,0,machine_checked,winner_at_election,2024-06-04,https://www.indiatechcollective.org/politicians/pratap-chandra-sarangi-balasore/,ogd-ls2024-results; adr-ls2024-report
Pratima Mondal,West Bengal,Jaynagar,Lok Sabha,2024 general election,All India Trinamool Congress,AITC,0,no,0,machine_checked,winner_at_election,2024-06-04,https://www.indiatechcollective.org/politicians/pratima-mondal-jaynagar/,ogd-ls2024-results; adr-ls2024-report
Praveen Khandelwal,Delhi,Chandni Chowk,Lok Sabha,2024 general election,Bharatiya Janata Party,BJP,0,no,0,machine_checked,winner_at_election,2024-06-04,https://www.indiatechcollective.org/politicians/praveen-khandelwal-chandni-chowk/,ogd-ls2024-results; adr-ls2024-report
Praveen Patel,Uttar Pradesh,Phulpur,Lok Sabha,2024 general election,Bharatiya Janata Party,BJP,0,no,0,machine_checked,winner_at_election,2024-06-04,https://www.indiatechcollective.org/politicians/praveen-patel-phulpur/,ogd-ls2024-results; adr-ls2024-report
Priya Saroj,Uttar Pradesh,Machhlishahr,Lok Sabha,2024 general election,Samajwadi Party,SP,2,yes,0,machine_checked,winner_at_election,2024-06-04,https://www.indiatechcollective.org/politicians/priya-saroj-machhlishahr/,ogd-ls2024-results; adr-ls2024-report
Priyanka Satish Jarkiholi,Karnataka,Chikkodi,Lok Sabha,2024 general election,Indian National Congress,INC,0,no,0,machine_checked,winner_at_election,2024-06-04,https://www.indiatechcollective.org/politicians/priyanka-satish-jarkiholi-chikkodi/,ogd-ls2024-results; adr-ls2024-report
Prof S P Singh Baghel,Uttar Pradesh,Agra,Lok Sabha,2024 general election,Bharatiya Janata Party,BJP,0,no,0,machine_checked,winner_at_election,2024-06-04,https://www.indiatechcollective.org/politicians/prof-s-p-singh-baghel-agra/,ogd-ls2024-results; adr-ls2024-report
Pushpendra Saroj,Uttar Pradesh,Kaushambi,Lok Sabha,2024 general election,Samajwadi Party,SP,0,no,0,machine_checked,winner_at_election,2024-06-04,https://www.indiatechcollective.org/politicians/pushpendra-saroj-kaushambi/,ogd-ls2024-results; adr-ls2024-report
Putta Mahesh Kumar,Andhra Pradesh,Eluru,Lok Sabha,2024 general election,Telugu Desam Party,TDP,1,yes,0,machine_checked,winner_at_election,2024-06-04,https://www.indiatechcollective.org/politicians/putta-mahesh-kumar-eluru/,ogd-ls2024-results; adr-ls2024-report
R.K. Chaudhary,Uttar Pradesh,Mohanlalganj,Lok Sabha,2024 general election,Samajwadi Party,SP,2,yes,0,machine_checked,winner_at_election,2024-06-04,https://www.indiatechcollective.org/politicians/r-k-chaudhary-mohanlalganj/,ogd-ls2024-results; adr-ls2024-report
Rabindra Narayan Behera,Odisha,Jajpur,Lok Sabha,2024 general election,Bharatiya Janata Party,BJP,0,no,0,machine_checked,winner_at_election,2024-06-04,https://www.indiatechcollective.org/politicians/rabindra-narayan-behera-jajpur/,ogd-ls2024-results; adr-ls2024-report
Rachna Banerjee,West Bengal,Hooghly,Lok Sabha,2024 general election,All India Trinamool Congress,AITC,0,no,0,machine_checked,winner_at_election,2024-06-04,https://www.indiatechcollective.org/politicians/rachna-banerjee-hooghly/,ogd-ls2024-results; adr-ls2024-report
Radha Mohan Singh,Bihar,Purvi Champaran,Lok Sabha,2024 general election,Bharatiya Janata Party,BJP,2,yes,0,machine_checked,winner_at_election,2024-06-04,https://www.indiatechcollective.org/politicians/radha-mohan-singh-purvi-champaran/,ogd-ls2024-results; adr-ls2024-report
Radhakrishna,Karnataka,Gulbarga,Lok Sabha,2024 general election,Indian National Congress,INC,1,yes,0,machine_checked,winner_at_election,2024-06-04,https://www.indiatechcollective.org/politicians/radhakrishna-gulbarga/,ogd-ls2024-results; adr-ls2024-report
Radheshyam Rathiya,Chhattisgarh,RAIGARH,Lok Sabha,2024 general election,Bharatiya Janata Party,BJP,0,no,0,machine_checked,winner_at_election,2024-06-04,https://www.indiatechcollective.org/politicians/radheshyam-rathiya-raigarh/,ogd-ls2024-results; adr-ls2024-report
Rahul Gandhi,Uttar Pradesh,Rae Bareli,Lok Sabha,2024 general election,Indian National Congress,INC,18,yes,1,machine_checked,winner_at_election,2024-06-04,https://www.indiatechcollective.org/politicians/rahul-gandhi-rae-bareli/,ogd-ls2024-results; adr-ls2024-report
Rahul Gandhi,Kerala,Wayanad,Lok Sabha,2024 general election,Indian National Congress,INC,18,yes,1,machine_checked,winner_at_election,2024-06-04,https://www.indiatechcollective.org/politicians/rahul-gandhi-wayanad/,ogd-ls2024-results; adr-ls2024-report
Rahul Kaswan,Rajasthan,CHURU,Lok Sabha,2024 general election,Indian National Congress,INC,0,no,0,machine_checked,winner_at_election,2024-06-04,https://www.indiatechcollective.org/politicians/rahul-kaswan-churu/,ogd-ls2024-results; adr-ls2024-report
Rahul Singh Lodhi,Madhya Pradesh,DAMOH,Lok Sabha,2024 general election,Bharatiya Janata Party,BJP,0,no,0,machine_checked,winner_at_election,2024-06-04,https://www.indiatechcollective.org/politicians/rahul-singh-lodhi-damoh/,ogd-ls2024-results; adr-ls2024-report
Raj Bhushan Choudhary,Bihar,Muzaffarpur,Lok Sabha,2024 general election,Bharatiya Janata Party,BJP,0,no,0,machine_checked,winner_at_election,2024-06-04,https://www.indiatechcollective.org/politicians/raj-bhushan-choudhary-muzaffarpur/,ogd-ls2024-results; adr-ls2024-report
Raj Kumar Roat,Rajasthan,BANSWARA,Lok Sabha,2024 general election,Bharat Adivasi Party,BAP,1,no,0,machine_checked,winner_at_election,2024-06-04,https://www.indiatechcollective.org/politicians/raj-kumar-roat-banswara/,ogd-ls2024-results; adr-ls2024-report
Raj Nath Singh,Uttar Pradesh,Lucknow,Lok Sabha,2024 general election,Bharatiya Janata Party,BJP,0,no,0,machine_checked,winner_at_election,2024-06-04,https://www.indiatechcollective.org/politicians/raj-nath-singh-lucknow/,ogd-ls2024-results; adr-ls2024-report
Raja A,Tamil Nadu,NILGIRIS,Lok Sabha,2024 general election,Dravida Munnetra Kazhagam,DMK,7,yes,0,machine_checked,winner_at_election,2024-06-04,https://www.indiatechcollective.org/politicians/raja-a-nilgiris/,ogd-ls2024-results; adr-ls2024-report
Raja Ram Singh,Bihar,Karakat,Lok Sabha,2024 general election,Communist Party of India (Marxist-Leninist) (Liberation),CPI(ML)(L),3,yes,0,machine_checked,winner_at_election,2024-06-04,https://www.indiatechcollective.org/politicians/raja-ram-singh-karakat/,ogd-ls2024-results; adr-ls2024-report
Rajabhau (Parag) Prakash Waje,Maharashtra,Nashik,Lok Sabha,2024 general election,Shiv Sena (Uddhav Balasaheb Thackrey),SHS(UBT),0,no,0,machine_checked,winner_at_election,2024-06-04,https://www.indiatechcollective.org/politicians/rajabhau-parag-prakash-waje-nashik/,ogd-ls2024-results; adr-ls2024-report
Rajeev,Himachal Pradesh,KANGRA,Lok Sabha,2024 general election,Bharatiya Janata Party,BJP,0,no,0,machine_checked,winner_at_election,2024-06-04,https://www.indiatechcollective.org/politicians/rajeev-kangra/,ogd-ls2024-results; adr-ls2024-report
Rajeev Rai,Uttar Pradesh,Ghosi,Lok Sabha,2024 general election,Samajwadi Party,SP,1,yes,0,machine_checked,winner_at_election,2024-06-04,https://www.indiatechcollective.org/politicians/rajeev-rai-ghosi/,ogd-ls2024-results; adr-ls2024-report
Rajesh Ranjan Alias Pappu Yadav,Bihar,Purnia,Lok Sabha,2024 general election,Independent,IND,41,yes,2,machine_checked,winner_at_election,2024-06-04,https://www.indiatechcollective.org/politicians/rajesh-ranjan-alias-pappu-yadav-purnia/,ogd-ls2024-results; adr-ls2024-report
Rajesh Verma,Bihar,Khagaria,Lok Sabha,2024 general election,Lok Janshakti Party (Ram Vilas),LJP(RV),12,yes,0,machine_checked,winner_at_election,2024-06-04,https://www.indiatechcollective.org/politicians/rajesh-verma-khagaria/,ogd-ls2024-results; adr-ls2024-report
Rajiv Pratap Rudy,Bihar,Saran,Lok Sabha,2024 general election,Bharatiya Janata Party,BJP,0,no,0,machine_checked,winner_at_election,2024-06-04,https://www.indiatechcollective.org/politicians/rajiv-pratap-rudy-saran/,ogd-ls2024-results; adr-ls2024-report
Rajiv Ranjan Singh Alias Lalan Singh,Bihar,Munger,Lok Sabha,2024 general election,Janata Dal (United),JD(U),0,no,0,machine_checked,winner_at_election,2024-06-04,https://www.indiatechcollective.org/politicians/rajiv-ranjan-singh-alias-lalan-singh-munger/,ogd-ls2024-results; adr-ls2024-report
Rajkumar Chahar,Uttar Pradesh,Fatehpur Sikri,Lok Sabha,2024 general election,Bharatiya Janata Party,BJP,2,yes,0,machine_checked,winner_at_election,2024-06-04,https://www.indiatechcollective.org/politicians/rajkumar-chahar-fatehpur-sikri/,ogd-ls2024-results; adr-ls2024-report
Rajmohan Unnithan,Kerala,Kasaragod,Lok Sabha,2024 general election,Indian National Congress,INC,6,yes,2,machine_checked,winner_at_election,2024-06-04,https://www.indiatechcollective.org/politicians/rajmohan-unnithan-kasaragod/,ogd-ls2024-results; adr-ls2024-report
Rajpalsinh Mahendrasinh Jadav,Gujarat,Panchmahal,Lok Sabha,2024 general election,Bharatiya Janata Party,BJP,0,no,0,machine_checked,winner_at_election,2024-06-04,https://www.indiatechcollective.org/politicians/rajpalsinh-mahendrasinh-jadav-panchmahal/,ogd-ls2024-results; adr-ls2024-report
Raju Bista,West Bengal,Darjeeling,Lok Sabha,2024 general election,Bharatiya Janata Party,BJP,2,yes,0,machine_checked,winner_at_election,2024-06-04,https://www.indiatechcollective.org/politicians/raju-bista-darjeeling/,ogd-ls2024-results; adr-ls2024-report
Rakesh Rathor,Uttar Pradesh,Sitapur,Lok Sabha,2024 general election,Indian National Congress,INC,1,yes,0,machine_checked,winner_at_election,2024-06-04,https://www.indiatechcollective.org/politicians/rakesh-rathor-sitapur/,ogd-ls2024-results; adr-ls2024-report
Rakibul Hussain,Assam,Dhubri,Lok Sabha,2024 general election,Indian National Congress,INC,0,no,0,machine_checked,winner_at_election,2024-06-04,https://www.indiatechcollective.org/politicians/rakibul-hussain-dhubri/,ogd-ls2024-results; adr-ls2024-report
Ram Prasad Chaudhary,Uttar Pradesh,Basti,Lok Sabha,2024 general election,Samajwadi Party,SP,4,yes,1,machine_checked,winner_at_election,2024-06-04,https://www.indiatechcollective.org/politicians/ram-prasad-chaudhary-basti/,ogd-ls2024-results; adr-ls2024-report
Ram Shiromani Verma,Uttar Pradesh,Shrawasti,Lok Sabha,2024 general election,Samajwadi Party,SP,0,no,0,machine_checked,winner_at_election,2024-06-04,https://www.indiatechcollective.org/politicians/ram-shiromani-verma-shrawasti/,ogd-ls2024-results; adr-ls2024-report
Ramasahayam Raghuram Reddy,Telangana,Khammam,Lok Sabha,2024 general election,Indian National Congress,INC,1,yes,0,machine_checked,winner_at_election,2024-06-04,https://www.indiatechcollective.org/politicians/ramasahayam-raghuram-reddy-khammam/,ogd-ls2024-results; adr-ls2024-report
Ramashankar Rajbhar,Uttar Pradesh,Salempur,Lok Sabha,2024 general election,Samajwadi Party,SP,0,no,0,machine_checked,winner_at_election,2024-06-04,https://www.indiatechcollective.org/politicians/ramashankar-rajbhar-salempur/,ogd-ls2024-results; adr-ls2024-report
Rambhual Nishad,Uttar Pradesh,Sultanpur,Lok Sabha,2024 general election,Samajwadi Party,SP,8,yes,0,machine_checked,winner_at_election,2024-06-04,https://www.indiatechcollective.org/politicians/rambhual-nishad-sultanpur/,ogd-ls2024-results; adr-ls2024-report
Ramesh Awasthi,Uttar Pradesh,Kanpur,Lok Sabha,2024 general election,Bharatiya Janata Party,BJP,0,no,0,machine_checked,winner_at_election,2024-06-04,https://www.indiatechcollective.org/politicians/ramesh-awasthi-kanpur/,ogd-ls2024-results; adr-ls2024-report
Ramesh Jigajinagi,Karnataka,Bijapur,Lok Sabha,2024 general election,Bharatiya Janata Party,BJP,0,no,0,machine_checked,winner_at_election,2024-06-04,https://www.indiatechcollective.org/politicians/ramesh-jigajinagi-bijapur/,ogd-ls2024-results; adr-ls2024-report
Ramprit Mandal,Bihar,Jhanjharpur,Lok Sabha,2024 general election,Janata Dal (United),JD(U),0,no,0,machine_checked,winner_at_election,2024-06-04,https://www.indiatechcollective.org/politicians/ramprit-mandal-jhanjharpur/,ogd-ls2024-results; adr-ls2024-report
Ramvir Singh Bidhuri,Delhi,South Delhi,Lok Sabha,2024 general election,Bharatiya Janata Party,BJP,1,no,0,machine_checked,winner_at_election,2024-06-04,https://www.indiatechcollective.org/politicians/ramvir-singh-bidhuri-south-delhi/,ogd-ls2024-results; adr-ls2024-report
Ranjit Dutta,Assam,Sonitpur,Lok Sabha,2024 general election,Bharatiya Janata Party,BJP,0,no,0,machine_checked,winner_at_election,2024-06-04,https://www.indiatechcollective.org/politicians/ranjit-dutta-sonitpur/,ogd-ls2024-results; adr-ls2024-report
Rao Inderjit Singh,Haryana,GURGAON,Lok Sabha,2024 general election,Bharatiya Janata Party,BJP,0,no,0,machine_checked,winner_at_election,2024-06-04,https://www.indiatechcollective.org/politicians/rao-inderjit-singh-gurgaon/,ogd-ls2024-results; adr-ls2024-report
Rao Rajendra Singh,Rajasthan,JAIPUR RURAL,Lok Sabha,2024 general election,Bharatiya Janata Party,BJP,0,no,0,machine_checked,winner_at_election,2024-06-04,https://www.indiatechcollective.org/politicians/rao-rajendra-singh-jaipur-rural/,ogd-ls2024-results; adr-ls2024-report
Ravi Shankar Prasad,Bihar,Patna Sahib,Lok Sabha,2024 general election,Bharatiya Janata Party,BJP,0,no,0,machine_checked,winner_at_election,2024-06-04,https://www.indiatechcollective.org/politicians/ravi-shankar-prasad-patna-sahib/,ogd-ls2024-results; adr-ls2024-report
Ravikumar. D,Tamil Nadu,VILUPPURAM,Lok Sabha,2024 general election,Viduthalai Chiruthaigal Katchi,VCK,0,no,0,machine_checked,winner_at_election,2024-06-04,https://www.indiatechcollective.org/politicians/ravikumar-d-viluppuram/,ogd-ls2024-results; adr-ls2024-report
Ravindra Dattaram Waikar,Maharashtra,Mumbai North West,Lok Sabha,2024 general election,Shiv Sena,SHS,3,yes,0,machine_checked,winner_at_election,2024-06-04,https://www.indiatechcollective.org/politicians/ravindra-dattaram-waikar-mumbai-north-west/,ogd-ls2024-results; adr-ls2024-report
Ravindra Shukla Alias Ravi Kishan,Uttar Pradesh,Gorakhpur,Lok Sabha,2024 general election,Bharatiya Janata Party,BJP,0,no,0,machine_checked,winner_at_election,2024-06-04,https://www.indiatechcollective.org/politicians/ravindra-shukla-alias-ravi-kishan-gorakhpur/,ogd-ls2024-results; adr-ls2024-report
Richard Vanlalhmangaiha,Mizoram,MIZORAM,Lok Sabha,2024 general election,Zoram People's Movement,ZPM,0,no,0,machine_checked,winner_at_election,2024-06-04,https://www.indiatechcollective.org/politicians/richard-vanlalhmangaiha-mizoram/,ogd-ls2024-results; adr-ls2024-report
Robert Bruce C,Tamil Nadu,TIRUNELVELI,Lok Sabha,2024 general election,Indian National Congress,INC,1,no,0,machine_checked,winner_at_election,2024-06-04,https://www.indiatechcollective.org/politicians/robert-bruce-c-tirunelveli/,ogd-ls2024-results; adr-ls2024-report
Rodmal Nagar,Madhya Pradesh,RAJGARH,Lok Sabha,2024 general election,Bharatiya Janata Party,BJP,0,no,0,machine_checked,winner_at_election,2024-06-04,https://www.indiatechcollective.org/politicians/rodmal-nagar-rajgarh/,ogd-ls2024-results; adr-ls2024-report
Roop Kumari Choudhary,Chhattisgarh,MAHASAMUND,Lok Sabha,2024 general election,Bharatiya Janata Party,BJP,0,no,0,machine_checked,winner_at_election,2024-06-04,https://www.indiatechcollective.org/politicians/roop-kumari-choudhary-mahasamund/,ogd-ls2024-results; adr-ls2024-report
Ruchi Vira,Uttar Pradesh,Moradabad,Lok Sabha,2024 general election,Samajwadi Party,SP,0,no,0,machine_checked,winner_at_election,2024-06-04,https://www.indiatechcollective.org/politicians/ruchi-vira-moradabad/,ogd-ls2024-results; adr-ls2024-report
Rudra Narayan Pany,Odisha,Dhenkanal,Lok Sabha,2024 general election,Bharatiya Janata Party,BJP,8,yes,0,machine_checked,winner_at_election,2024-06-04,https://www.indiatechcollective.org/politicians/rudra-narayan-pany-dhenkanal/,ogd-ls2024-results; adr-ls2024-report
S Jagathratchakan,Tamil Nadu,ARAKKONAM,Lok Sabha,2024 general election,Dravida Munnetra Kazhagam,DMK,2,yes,0,machine_checked,winner_at_election,2024-06-04,https://www.indiatechcollective.org/politicians/s-jagathratchakan-arakkonam/,ogd-ls2024-results; adr-ls2024-report
S Supongmeren Jamir,Nagaland,Nagaland,Lok Sabha,2024 general election,Indian National Congress,INC,0,no,0,machine_checked,winner_at_election,2024-06-04,https://www.indiatechcollective.org/politicians/s-supongmeren-jamir-nagaland/,ogd-ls2024-results; adr-ls2024-report
Sachithanantham R,Tamil Nadu,DINDIGUL,Lok Sabha,2024 general election,Communist Party of India (Marxist),CPI(M),9,no,0,machine_checked,winner_at_election,2024-06-04,https://www.indiatechcollective.org/politicians/sachithanantham-r-dindigul/,ogd-ls2024-results; adr-ls2024-report
Sagar Eshwar Khandre,Karnataka,Bidar,Lok Sabha,2024 general election,Indian National Congress,INC,0,no,0,machine_checked,winner_at_election,2024-06-04,https://www.indiatechcollective.org/politicians/sagar-eshwar-khandre-bidar/,ogd-ls2024-results; adr-ls2024-report
Sajda Ahmed,West Bengal,Uluberia,Lok Sabha,2024 general election,All India Trinamool Congress,AITC,0,no,0,machine_checked,winner_at_election,2024-06-04,https://www.indiatechcollective.org/politicians/sajda-ahmed-uluberia/,ogd-ls2024-results; adr-ls2024-report
Saleng A Sangma,Meghalaya,Tura,Lok Sabha,2024 general election,Indian National Congress,INC,0,no,0,machine_checked,winner_at_election,2024-06-04,https://www.indiatechcollective.org/politicians/saleng-a-sangma-tura/,ogd-ls2024-results; adr-ls2024-report
Sambit Patra,Odisha,Puri,Lok Sabha,2024 general election,Bharatiya Janata Party,BJP,1,no,0,machine_checked,winner_at_election,2024-06-04,https://www.indiatechcollective.org/politicians/sambit-patra-puri/,ogd-ls2024-results; adr-ls2024-report
Sanatan Pandey,Uttar Pradesh,Ballia,Lok Sabha,2024 general election,Samajwadi Party,SP,2,yes,0,machine_checked,winner_at_election,2024-06-04,https://www.indiatechcollective.org/politicians/sanatan-pandey-ballia/,ogd-ls2024-results; adr-ls2024-report
Sandhya Ray,Madhya Pradesh,BHIND,Lok Sabha,2024 general election,Bharatiya Janata Party,BJP,0,no,0,machine_checked,winner_at_election,2024-06-04,https://www.indiatechcollective.org/politicians/sandhya-ray-bhind/,ogd-ls2024-results; adr-ls2024-report
Sangeeta Kumari Singh Deo,Odisha,Bolangir,Lok Sabha,2024 general election,Bharatiya Janata Party,BJP,1,no,0,machine_checked,winner_at_election,2024-06-04,https://www.indiatechcollective.org/politicians/sangeeta-kumari-singh-deo-bolangir/,ogd-ls2024-results; adr-ls2024-report
Sanjay Dina Patil,Maharashtra,Mumbai North East,Lok Sabha,2024 general election,Shiv Sena (Uddhav Balasaheb Thackrey),SHS(UBT),0,no,0,machine_checked,winner_at_election,2024-06-04,https://www.indiatechcollective.org/politicians/sanjay-dina-patil-mumbai-north-east/,ogd-ls2024-results; adr-ls2024-report
Sanjay Seth,Jharkhand,Ranchi,Lok Sabha,2024 general election,Bharatiya Janata Party,BJP,2,yes,0,machine_checked,winner_at_election,2024-06-04,https://www.indiatechcollective.org/politicians/sanjay-seth-ranchi/,ogd-ls2024-results; adr-ls2024-report
Sanjay Uttamrao Deshmukh,Maharashtra,Yavatmal- Washim,Lok Sabha,2024 general election,Shiv Sena (Uddhav Balasaheb Thackrey),SHS(UBT),0,no,0,machine_checked,winner_at_election,2024-06-04,https://www.indiatechcollective.org/politicians/sanjay-uttamrao-deshmukh-yavatmal-washim/,ogd-ls2024-results; adr-ls2024-report
Sanjna Jatav,Rajasthan,BHARATPUR,Lok Sabha,2024 general election,Indian National Congress,INC,0,no,0,machine_checked,winner_at_election,2024-06-04,https://www.indiatechcollective.org/politicians/sanjna-jatav-bharatpur/,ogd-ls2024-results; adr-ls2024-report
Santosh Pandey,Chhattisgarh,RAJNANDGAON,Lok Sabha,2024 general election,Bharatiya Janata Party,BJP,1,yes,0,machine_checked,winner_at_election,2024-06-04,https://www.indiatechcollective.org/politicians/santosh-pandey-rajnandgaon/,ogd-ls2024-results; adr-ls2024-report
Saptagiri Sankar Ulaka,Odisha,Koraput,Lok Sabha,2024 general election,Indian National Congress,INC,0,no,0,machine_checked,winner_at_election,2024-06-04,https://www.indiatechcollective.org/politicians/saptagiri-sankar-ulaka-koraput/,ogd-ls2024-results; adr-ls2024-report
Sarabjeet Singh Khalsa,Punjab,Faridkot,Lok Sabha,2024 general election,Independent,IND,0,no,0,machine_checked,winner_at_election,2024-06-04,https://www.indiatechcollective.org/politicians/sarabjeet-singh-khalsa-faridkot/,ogd-ls2024-results; adr-ls2024-report
Sarbananda Sonowal,Assam,Dibrugarh,Lok Sabha,2024 general election,Bharatiya Janata Party,BJP,0,no,0,machine_checked,winner_at_election,2024-06-04,https://www.indiatechcollective.org/politicians/sarbananda-sonowal-dibrugarh/,ogd-ls2024-results; adr-ls2024-report
Sasikanth Senthil,Tamil Nadu,TIRUVALLUR,Lok Sabha,2024 general election,Indian National Congress,INC,0,no,0,machine_checked,winner_at_election,2024-06-04,https://www.indiatechcollective.org/politicians/sasikanth-senthil-tiruvallur/,ogd-ls2024-results; adr-ls2024-report
Satabdi Roy,West Bengal,Birbhum,Lok Sabha,2024 general election,All India Trinamool Congress,AITC,0,no,0,machine_checked,winner_at_election,2024-06-04,https://www.indiatechcollective.org/politicians/satabdi-roy-birbhum/,ogd-ls2024-results; adr-ls2024-report
Satish Kumar Gautam,Uttar Pradesh,Aligarh,Lok Sabha,2024 general election,Bharatiya Janata Party,BJP,0,no,0,machine_checked,winner_at_election,2024-06-04,https://www.indiatechcollective.org/politicians/satish-kumar-gautam-aligarh/,ogd-ls2024-results; adr-ls2024-report
Satpal Brahamchari,Haryana,SONIPAT,Lok Sabha,2024 general election,Indian National Congress,INC,0,no,0,machine_checked,winner_at_election,2024-06-04,https://www.indiatechcollective.org/politicians/satpal-brahamchari-sonipat/,ogd-ls2024-results; adr-ls2024-report
Savitri Thakur,Madhya Pradesh,DHAR,Lok Sabha,2024 general election,Bharatiya Janata Party,BJP,0,no,0,machine_checked,winner_at_election,2024-06-04,https://www.indiatechcollective.org/politicians/savitri-thakur-dhar/,ogd-ls2024-results; adr-ls2024-report
Sayani Ghosh,West Bengal,Jadavpur,Lok Sabha,2024 general election,All India Trinamool Congress,AITC,1,yes,0,machine_checked,winner_at_election,2024-06-04,https://www.indiatechcollective.org/politicians/sayani-ghosh-jadavpur/,ogd-ls2024-results; adr-ls2024-report
Selja,Haryana,SIRSA,Lok Sabha,2024 general election,Indian National Congress,INC,0,no,0,machine_checked,winner_at_election,2024-06-04,https://www.indiatechcollective.org/politicians/selja-sirsa/,ogd-ls2024-results; adr-ls2024-report
Selvaganapathi T M,Tamil Nadu,SALEM,Lok Sabha,2024 general election,Dravida Munnetra Kazhagam,DMK,1,yes,0,machine_checked,winner_at_election,2024-06-04,https://www.indiatechcollective.org/politicians/selvaganapathi-t-m-salem/,ogd-ls2024-results; adr-ls2024-report
Selvam. G,Tamil Nadu,KANCHEEPURAM,Lok Sabha,2024 general election,Dravida Munnetra Kazhagam,DMK,0,no,0,machine_checked,winner_at_election,2024-06-04,https://www.indiatechcollective.org/politicians/selvam-g-kancheepuram/,ogd-ls2024-results; adr-ls2024-report
Selvaraj V,Tamil Nadu,NAGAPATTINAM,Lok Sabha,2024 general election,Communist Party of India,CPI,1,no,0,machine_checked,winner_at_election,2024-06-04,https://www.indiatechcollective.org/politicians/selvaraj-v-nagapattinam/,ogd-ls2024-results; adr-ls2024-report
Shafi Parambil,Kerala,Vadakara,Lok Sabha,2024 general election,Indian National Congress,INC,47,yes,8,machine_checked,winner_at_election,2024-06-04,https://www.indiatechcollective.org/politicians/shafi-parambil-vadakara/,ogd-ls2024-results; adr-ls2024-report
Shambhavi,Bihar,Samastipur,Lok Sabha,2024 general election,Lok Janshakti Party (Ram Vilas),LJP(RV),0,no,0,machine_checked,winner_at_election,2024-06-04,https://www.indiatechcollective.org/politicians/shambhavi-samastipur/,ogd-ls2024-results; adr-ls2024-report
Shankar Lalwani,Madhya Pradesh,INDORE,Lok Sabha,2024 general election,Bharatiya Janata Party,BJP,0,no,0,machine_checked,winner_at_election,2024-06-04,https://www.indiatechcollective.org/politicians/shankar-lalwani-indore/,ogd-ls2024-results; adr-ls2024-report
Shantanu Thakur,West Bengal,Bangaon,Lok Sabha,2024 general election,Bharatiya Janata Party,BJP,23,yes,0,machine_checked,winner_at_election,2024-06-04,https://www.indiatechcollective.org/politicians/shantanu-thakur-bangaon/,ogd-ls2024-results; adr-ls2024-report
Shashank Mani,Uttar Pradesh,Deoria,Lok Sabha,2024 general election,Bharatiya Janata Party,BJP,0,no,0,machine_checked,winner_at_election,2024-06-04,https://www.indiatechcollective.org/politicians/shashank-mani-deoria/,ogd-ls2024-results; adr-ls2024-report
Shashi Tharoor,Kerala,Thiruvananthapuram,Lok Sabha,2024 general election,Indian National Congress,INC,12,yes,0,machine_checked,winner_at_election,2024-06-04,https://www.indiatechcollective.org/politicians/shashi-tharoor-thiruvananthapuram/,ogd-ls2024-results; adr-ls2024-report
Shatrughan Prasad Sinha,West Bengal,Asansol,Lok Sabha,2024 general election,All India Trinamool Congress,AITC,0,no,0,machine_checked,winner_at_election,2024-06-04,https://www.indiatechcollective.org/politicians/shatrughan-prasad-sinha-asansol/,ogd-ls2024-results; adr-ls2024-report
Sher Singh Ghubaya,Punjab,Firozpur,Lok Sabha,2024 general election,Indian National Congress,INC,0,no,0,machine_checked,winner_at_election,2024-06-04,https://www.indiatechcollective.org/politicians/sher-singh-ghubaya-firozpur/,ogd-ls2024-results; adr-ls2024-report
Shiv Pal Singh Patel (Dr. S P Singh),Uttar Pradesh,Pratapgarh,Lok Sabha,2024 general election,Samajwadi Party,SP,0,no,0,machine_checked,winner_at_election,2024-06-04,https://www.indiatechcollective.org/politicians/shiv-pal-singh-patel-dr-s-p-singh-pratapgarh/,ogd-ls2024-results; adr-ls2024-report
Shivmangal Singh Tomar,Madhya Pradesh,MORENA,Lok Sabha,2024 general election,Bharatiya Janata Party,BJP,0,no,0,machine_checked,winner_at_election,2024-06-04,https://www.indiatechcollective.org/politicians/shivmangal-singh-tomar-morena/,ogd-ls2024-results; adr-ls2024-report
Shivraj Singh Chouhan,Madhya Pradesh,VIDISHA,Lok Sabha,2024 general election,Bharatiya Janata Party,BJP,1,no,0,machine_checked,winner_at_election,2024-06-04,https://www.indiatechcollective.org/politicians/shivraj-singh-chouhan-vidisha/,ogd-ls2024-results; adr-ls2024-report
Shobha Karandlaje,Karnataka,Bangalore North,Lok Sabha,2024 general election,Bharatiya Janata Party,BJP,5,yes,0,machine_checked,winner_at_election,2024-06-04,https://www.indiatechcollective.org/politicians/shobha-karandlaje-bangalore-north/,ogd-ls2024-results; adr-ls2024-report
Shobhanaben Mahendrasinh Baraiya,Gujarat,Sabarkantha,Lok Sabha,2024 general election,Bharatiya Janata Party,BJP,0,no,0,machine_checked,winner_at_election,2024-06-04,https://www.indiatechcollective.org/politicians/shobhanaben-mahendrasinh-baraiya-sabarkantha/,ogd-ls2024-results; adr-ls2024-report
Shreyas. M. Patel,Karnataka,Hassan,Lok Sabha,2024 general election,Indian National Congress,INC,1,no,0,machine_checked,winner_at_election,2024-06-04,https://www.indiatechcollective.org/politicians/shreyas-m-patel-hassan/,ogd-ls2024-results; adr-ls2024-report
Shrimant Chh Udayanraje Pratapsinhamaharaj Bhonsle,Maharashtra,Satara,Lok Sabha,2024 general election,Bharatiya Janata Party,BJP,4,yes,0,machine_checked,winner_at_election,2024-06-04,https://www.indiatechcollective.org/politicians/shrimant-chh-udayanraje-pratapsinhamaharaj-bhonsle-satara/,ogd-ls2024-results; adr-ls2024-report
Shripad Yesso Naik,Goa,North Goa,Lok Sabha,2024 general election,Bharatiya Janata Party,BJP,0,no,0,machine_checked,winner_at_election,2024-06-04,https://www.indiatechcollective.org/politicians/shripad-yesso-naik-north-goa/,ogd-ls2024-results; adr-ls2024-report
Shrirang Appa Chandu Barne,Maharashtra,Maval,Lok Sabha,2024 general election,Shiv Sena,SHS,3,yes,0,machine_checked,winner_at_election,2024-06-04,https://www.indiatechcollective.org/politicians/shrirang-appa-chandu-barne-maval/,ogd-ls2024-results; adr-ls2024-report
Shyamkumar Daulat Barve,Maharashtra,Ramtek,Lok Sabha,2024 general election,Indian National Congress,INC,2,yes,0,machine_checked,winner_at_election,2024-06-04,https://www.indiatechcollective.org/politicians/shyamkumar-daulat-barve-ramtek/,ogd-ls2024-results; adr-ls2024-report
Sk Nurul Islam,West Bengal,Basirhat,Lok Sabha,2024 general election,All India Trinamool Congress,AITC,0,no,0,machine_checked,winner_at_election,2024-06-04,https://www.indiatechcollective.org/politicians/sk-nurul-islam-basirhat/,ogd-ls2024-results; adr-ls2024-report
Smita Uday Wagh,Maharashtra,Jalgaon,Lok Sabha,2024 general election,Bharatiya Janata Party,BJP,0,no,0,machine_checked,winner_at_election,2024-06-04,https://www.indiatechcollective.org/politicians/smita-uday-wagh-jalgaon/,ogd-ls2024-results; adr-ls2024-report
Smt. Himadri Singh,Madhya Pradesh,SHAHDOL,Lok Sabha,2024 general election,Bharatiya Janata Party,BJP,0,no,0,machine_checked,winner_at_election,2024-06-04,https://www.indiatechcollective.org/politicians/smt-himadri-singh-shahdol/,ogd-ls2024-results; adr-ls2024-report
Sougata Ray,West Bengal,Dum dum,Lok Sabha,2024 general election,All India Trinamool Congress,AITC,1,no,0,machine_checked,winner_at_election,2024-06-04,https://www.indiatechcollective.org/politicians/sougata-ray-dum-dum/,ogd-ls2024-results; adr-ls2024-report
Sribharat Mathukumili,Andhra Pradesh,Visakhapatnam,Lok Sabha,2024 general election,Telugu Desam Party,TDP,2,yes,0,machine_checked,winner_at_election,2024-06-04,https://www.indiatechcollective.org/politicians/sribharat-mathukumili-visakhapatnam/,ogd-ls2024-results; adr-ls2024-report
Sudama Prasad,Bihar,Arrah,Lok Sabha,2024 general election,Communist Party of India (Marxist-Leninist) (Liberation),CPI(ML)(L),3,no,0,machine_checked,winner_at_election,2024-06-04,https://www.indiatechcollective.org/politicians/sudama-prasad-arrah/,ogd-ls2024-results; adr-ls2024-report
Sudha R,Tamil Nadu,MAYILADUTHURAI,Lok Sabha,2024 general election,Indian National Congress,INC,10,no,0,machine_checked,winner_at_election,2024-06-04,https://www.indiatechcollective.org/politicians/sudha-r-mayiladuthurai/,ogd-ls2024-results; adr-ls2024-report
Sudhakar Singh,Bihar,Buxar,Lok Sabha,2024 general election,Rashtriya Janata Dal,RJD,3,yes,0,machine_checked,winner_at_election,2024-06-04,https://www.indiatechcollective.org/politicians/sudhakar-singh-buxar/,ogd-ls2024-results; adr-ls2024-report
Sudheer Gupta,Madhya Pradesh,MANDSOUR,Lok Sabha,2024 general election,Bharatiya Janata Party,BJP,1,no,0,machine_checked,winner_at_election,2024-06-04,https://www.indiatechcollective.org/politicians/sudheer-gupta-mandsour/,ogd-ls2024-results; adr-ls2024-report
Sukanta Kumar Panigrahi,Odisha,Kandhamal,Lok Sabha,2024 general election,Bharatiya Janata Party,BJP,4,no,0,machine_checked,winner_at_election,2024-06-04,https://www.indiatechcollective.org/politicians/sukanta-kumar-panigrahi-kandhamal/,ogd-ls2024-results; adr-ls2024-report
Sukanta Majumdar,West Bengal,Balurghat,Lok Sabha,2024 general election,Bharatiya Janata Party,BJP,16,yes,0,machine_checked,winner_at_election,2024-06-04,https://www.indiatechcollective.org/politicians/sukanta-majumdar-balurghat/,ogd-ls2024-results; adr-ls2024-report
Sukhdeo Bhagat,Jharkhand,Lohardaga,Lok Sabha,2024 general election,Indian National Congress,INC,1,yes,0,machine_checked,winner_at_election,2024-06-04,https://www.indiatechcollective.org/politicians/sukhdeo-bhagat-lohardaga/,ogd-ls2024-results; adr-ls2024-report
Sukhjinder Singh Randhawa,Punjab,Gurdaspur,Lok Sabha,2024 general election,Indian National Congress,INC,0,no,0,machine_checked,winner_at_election,2024-06-04,https://www.indiatechcollective.org/politicians/sukhjinder-singh-randhawa-gurdaspur/,ogd-ls2024-results; adr-ls2024-report
Sumathy T,Tamil Nadu,CHENNAI SOUTH,Lok Sabha,2024 general election,Dravida Munnetra Kazhagam,DMK,0,no,0,machine_checked,winner_at_election,2024-06-04,https://www.indiatechcollective.org/politicians/sumathy-t-chennai-south/,ogd-ls2024-results; adr-ls2024-report
Sunil Bose,Karnataka,Chamarajanagar,Lok Sabha,2024 general election,Indian National Congress,INC,1,no,0,machine_checked,winner_at_election,2024-06-04,https://www.indiatechcollective.org/politicians/sunil-bose-chamarajanagar/,ogd-ls2024-results; adr-ls2024-report
Sunil Kumar,Bihar,Valmiki Nagar,Lok Sabha,2024 general election,Janata Dal (United),JD(U),0,no,0,machine_checked,winner_at_election,2024-06-04,https://www.indiatechcollective.org/politicians/sunil-kumar-valmiki-nagar/,ogd-ls2024-results; adr-ls2024-report
Supriya Sule,Maharashtra,Baramati,Lok Sabha,2024 general election,Nationalist Congress Party – Sharadchandra Pawar,NCP(SP),0,no,0,machine_checked,winner_at_election,2024-06-04,https://www.indiatechcollective.org/politicians/supriya-sule-baramati/,ogd-ls2024-results; adr-ls2024-report
Surendra Prasad Yadav,Bihar,Jahanabad,Lok Sabha,2024 general election,Rashtriya Janata Dal,RJD,7,yes,0,machine_checked,winner_at_election,2024-06-04,https://www.indiatechcollective.org/politicians/surendra-prasad-yadav-jahanabad/,ogd-ls2024-results; adr-ls2024-report
Suresh Gopi,Kerala,Thrissur,Lok Sabha,2024 general election,Bharatiya Janata Party,BJP,4,yes,0,machine_checked,winner_at_election,2024-06-04,https://www.indiatechcollective.org/politicians/suresh-gopi-thrissur/,ogd-ls2024-results; adr-ls2024-report
Suresh Gopinath Mhatre Alias Balya Mama,Maharashtra,Bhiwandi,Lok Sabha,2024 general election,Nationalist Congress Party – Sharadchandra Pawar,NCP(SP),0,no,0,machine_checked,winner_at_election,2024-06-04,https://www.indiatechcollective.org/politicians/suresh-gopinath-mhatre-alias-balya-mama-bhiwandi/,ogd-ls2024-results; adr-ls2024-report
Suresh Kumar Kashyap,Himachal Pradesh,SHIMLA,Lok Sabha,2024 general election,Bharatiya Janata Party,BJP,0,no,0,machine_checked,winner_at_election,2024-06-04,https://www.indiatechcollective.org/politicians/suresh-kumar-kashyap-shimla/,ogd-ls2024-results; adr-ls2024-report
Suresh Kumar Shetkar,Telangana,Zahirabad,Lok Sabha,2024 general election,Indian National Congress,INC,1,yes,0,machine_checked,winner_at_election,2024-06-04,https://www.indiatechcollective.org/politicians/suresh-kumar-shetkar-zahirabad/,ogd-ls2024-results; adr-ls2024-report
Swami Sachchidanand Hari Sakshi,Uttar Pradesh,Unnao,Lok Sabha,2024 general election,Bharatiya Janata Party,BJP,2,yes,0,machine_checked,winner_at_election,2024-06-04,https://www.indiatechcollective.org/politicians/swami-sachchidanand-hari-sakshi-unnao/,ogd-ls2024-results; adr-ls2024-report
T R Baalu,Tamil Nadu,SRIPERUMBUDUR,Lok Sabha,2024 general election,Dravida Munnetra Kazhagam,DMK,0,no,0,machine_checked,winner_at_election,2024-06-04,https://www.indiatechcollective.org/politicians/t-r-baalu-sriperumbudur/,ogd-ls2024-results; adr-ls2024-report
Tangella Uday Srinivas (Tea Time Uday),Andhra Pradesh,Kakinada,Lok Sabha,2024 general election,Janasena Party,JnP,1,yes,0,machine_checked,winner_at_election,2024-06-04,https://www.indiatechcollective.org/politicians/tangella-uday-srinivas-tea-time-uday-kakinada/,ogd-ls2024-results; adr-ls2024-report
Tanuj Punia,Uttar Pradesh,Barabanki,Lok Sabha,2024 general election,Indian National Congress,INC,1,yes,0,machine_checked,winner_at_election,2024-06-04,https://www.indiatechcollective.org/politicians/tanuj-punia-barabanki/,ogd-ls2024-results; adr-ls2024-report
Tapir Gao,Arunachal Pradesh,Arunachal East,Lok Sabha,2024 general election,Bharatiya Janata Party,BJP,0,no,0,machine_checked,winner_at_election,2024-06-04,https://www.indiatechcollective.org/politicians/tapir-gao-arunachal-east/,ogd-ls2024-results; adr-ls2024-report
Tariq Anwar,Bihar,Katihar,Lok Sabha,2024 general election,Indian National Congress,INC,0,no,0,machine_checked,winner_at_election,2024-06-04,https://www.indiatechcollective.org/politicians/tariq-anwar-katihar/,ogd-ls2024-results; adr-ls2024-report
Tatkare Sunil Dattatrey,Maharashtra,Raigad,Lok Sabha,2024 general election,Nationalist Congress Party,NCP,0,no,0,machine_checked,winner_at_election,2024-06-04,https://www.indiatechcollective.org/politicians/tatkare-sunil-dattatrey-raigad/,ogd-ls2024-results; adr-ls2024-report
Tejasvi Surya,Karnataka,Bangalore South,Lok Sabha,2024 general election,Bharatiya Janata Party,BJP,3,yes,0,machine_checked,winner_at_election,2024-06-04,https://www.indiatechcollective.org/politicians/tejasvi-surya-bangalore-south/,ogd-ls2024-results; adr-ls2024-report
Thanga Tamilselvan,Tamil Nadu,THENI,Lok Sabha,2024 general election,Dravida Munnetra Kazhagam,DMK,17,no,0,machine_checked,winner_at_election,2024-06-04,https://www.indiatechcollective.org/politicians/thanga-tamilselvan-theni/,ogd-ls2024-results; adr-ls2024-report
Tharaniventhan M S,Tamil Nadu,ARANI,Lok Sabha,2024 general election,Dravida Munnetra Kazhagam,DMK,0,no,0,machine_checked,winner_at_election,2024-06-04,https://www.indiatechcollective.org/politicians/tharaniventhan-m-s-arani/,ogd-ls2024-results; adr-ls2024-report
Thirumaavalavan Thol,Tamil Nadu,CHIDAMBARAM,Lok Sabha,2024 general election,Viduthalai Chiruthaigal Katchi,VCK,7,yes,0,machine_checked,winner_at_election,2024-06-04,https://www.indiatechcollective.org/politicians/thirumaavalavan-thol-chidambaram/,ogd-ls2024-results; adr-ls2024-report
Tokhan Sahu,Chhattisgarh,BILASPUR,Lok Sabha,2024 general election,Bharatiya Janata Party,BJP,0,no,0,machine_checked,winner_at_election,2024-06-04,https://www.indiatechcollective.org/politicians/tokhan-sahu-bilaspur/,ogd-ls2024-results; adr-ls2024-report
Trivendra Singh Rawat,Uttarakhand,Haridwar,Lok Sabha,2024 general election,Bharatiya Janata Party,BJP,0,no,0,machine_checked,winner_at_election,2024-06-04,https://www.indiatechcollective.org/politicians/trivendra-singh-rawat-haridwar/,ogd-ls2024-results; adr-ls2024-report
Ujjwal Raman Singh,Uttar Pradesh,Allahabad,Lok Sabha,2024 general election,Indian National Congress,INC,0,no,0,machine_checked,winner_at_election,2024-06-04,https://www.indiatechcollective.org/politicians/ujjwal-raman-singh-allahabad/,ogd-ls2024-results; adr-ls2024-report
Ummeda Ram Beniwal,Rajasthan,BARMER,Lok Sabha,2024 general election,Indian National Congress,INC,0,no,0,machine_checked,winner_at_election,2024-06-04,https://www.indiatechcollective.org/politicians/ummeda-ram-beniwal-barmer/,ogd-ls2024-results; adr-ls2024-report
Utkarsh Verma (Madhur),Uttar Pradesh,Kheri,Lok Sabha,2024 general election,Samajwadi Party,SP,0,no,0,machine_checked,winner_at_election,2024-06-04,https://www.indiatechcollective.org/politicians/utkarsh-verma-madhur-kheri/,ogd-ls2024-results; adr-ls2024-report
V K Sreekandan,Kerala,Palakkad,Lok Sabha,2024 general election,Indian National Congress,INC,5,no,4,machine_checked,winner_at_election,2024-06-04,https://www.indiatechcollective.org/politicians/v-k-sreekandan-palakkad/,ogd-ls2024-results; adr-ls2024-report
V. Somanna,Karnataka,Tumkur,Lok Sabha,2024 general election,Bharatiya Janata Party,BJP,1,no,0,machine_checked,winner_at_election,2024-06-04,https://www.indiatechcollective.org/politicians/v-somanna-tumkur/,ogd-ls2024-results; adr-ls2024-report
Vamsi Krishna Gaddam,Telangana,Peddapalle,Lok Sabha,2024 general election,Indian National Congress,INC,0,no,0,machine_checked,winner_at_election,2024-06-04,https://www.indiatechcollective.org/politicians/vamsi-krishna-gaddam-peddapalle/,ogd-ls2024-results; adr-ls2024-report
Varun Chaudhry,Haryana,AMBALA,Lok Sabha,2024 general election,Indian National Congress,INC,0,no,0,machine_checked,winner_at_election,2024-06-04,https://www.indiatechcollective.org/politicians/varun-chaudhry-ambala/,ogd-ls2024-results; adr-ls2024-report
Vasantrao Balwantrao Chavan,Maharashtra,Nanded,Lok Sabha,2024 general election,Indian National Congress,INC,1,yes,0,machine_checked,winner_at_election,2024-06-04,https://www.indiatechcollective.org/politicians/vasantrao-balwantrao-chavan-nanded/,ogd-ls2024-results; adr-ls2024-report
Ve Vaithilingam,Puducherry,PUDUCHERRY,Lok Sabha,2024 general election,Indian National Congress,INC,0,no,0,machine_checked,winner_at_election,2024-06-04,https://www.indiatechcollective.org/politicians/ve-vaithilingam-puducherry/,ogd-ls2024-results; adr-ls2024-report
Veena Devi,Bihar,Vaishali,Lok Sabha,2024 general election,Lok Janshakti Party (Ram Vilas),LJP(RV),3,yes,0,machine_checked,winner_at_election,2024-06-04,https://www.indiatechcollective.org/politicians/veena-devi-vaishali/,ogd-ls2024-results; adr-ls2024-report
Venkatesan S,Tamil Nadu,MADURAI,Lok Sabha,2024 general election,Communist Party of India (Marxist),CPI(M),3,yes,0,machine_checked,winner_at_election,2024-06-04,https://www.indiatechcollective.org/politicians/venkatesan-s-madurai/,ogd-ls2024-results; adr-ls2024-report
Vijay Baghel,Chhattisgarh,DURG,Lok Sabha,2024 general election,Bharatiya Janata Party,BJP,0,no,0,machine_checked,winner_at_election,2024-06-04,https://www.indiatechcollective.org/politicians/vijay-baghel-durg/,ogd-ls2024-results; adr-ls2024-report
Vijay Kumar Dubay,Uttar Pradesh,Kushi Nagar,Lok Sabha,2024 general election,Bharatiya Janata Party,BJP,2,no,0,machine_checked,winner_at_election,2024-06-04,https://www.indiatechcollective.org/politicians/vijay-kumar-dubay-kushi-nagar/,ogd-ls2024-results; adr-ls2024-report
Vijay Kumar Hansdak,Jharkhand,Rajmahal,Lok Sabha,2024 general election,Jharkhand Mukti Morcha,JMM,0,no,0,machine_checked,winner_at_election,2024-06-04,https://www.indiatechcollective.org/politicians/vijay-kumar-hansdak-rajmahal/,ogd-ls2024-results; adr-ls2024-report
Vijayakumar Alias Vijay Vasanth,Tamil Nadu,KANNIYAKUMARI,Lok Sabha,2024 general election,Indian National Congress,INC,8,no,0,machine_checked,winner_at_election,2024-06-04,https://www.indiatechcollective.org/politicians/vijayakumar-alias-vijay-vasanth-kanniyakumari/,ogd-ls2024-results; adr-ls2024-report
Vijaylakshmi Devi,Bihar,Siwan,Lok Sabha,2024 general election,Janata Dal (United),JD(U),0,no,0,machine_checked,winner_at_election,2024-06-04,https://www.indiatechcollective.org/politicians/vijaylakshmi-devi-siwan/,ogd-ls2024-results; adr-ls2024-report
Vishal (Dada) Prakashbapu Patil,Maharashtra,Sangli,Lok Sabha,2024 general election,Independent,IND,9,yes,0,machine_checked,winner_at_election,2024-06-04,https://www.indiatechcollective.org/politicians/vishal-dada-prakashbapu-patil-sangli/,ogd-ls2024-results; adr-ls2024-report
Vishnu Datt Sharma (V.D. Sharma),Madhya Pradesh,KHAJURAHO,Lok Sabha,2024 general election,Bharatiya Janata Party,BJP,1,no,0,machine_checked,winner_at_election,2024-06-04,https://www.indiatechcollective.org/politicians/vishnu-datt-sharma-v-d-sharma-khajuraho/,ogd-ls2024-results; adr-ls2024-report
Vishnu Dayal Ram,Jharkhand,Palamu,Lok Sabha,2024 general election,Bharatiya Janata Party,BJP,0,no,0,machine_checked,winner_at_election,2024-06-04,https://www.indiatechcollective.org/politicians/vishnu-dayal-ram-palamu/,ogd-ls2024-results; adr-ls2024-report
Vivek Thakur,Bihar,Nawada,Lok Sabha,2024 general election,Bharatiya Janata Party,BJP,0,no,0,machine_checked,winner_at_election,2024-06-04,https://www.indiatechcollective.org/politicians/vivek-thakur-nawada/,ogd-ls2024-results; adr-ls2024-report
Y. S. Avinash Reddy,Andhra Pradesh,Kadapa,Lok Sabha,2024 general election,Yuvajana Sramika Rythu Congress Party,YSRCP,2,yes,0,machine_checked,winner_at_election,2024-06-04,https://www.indiatechcollective.org/politicians/y-s-avinash-reddy-kadapa/,ogd-ls2024-results; adr-ls2024-report
Yaduveer Krishnadatta Chamaraja Wadiyar,Karnataka,Mysore,Lok Sabha,2024 general election,Bharatiya Janata Party,BJP,0,no,0,machine_checked,winner_at_election,2024-06-04,https://www.indiatechcollective.org/politicians/yaduveer-krishnadatta-chamaraja-wadiyar-mysore/,ogd-ls2024-results; adr-ls2024-report
Yogender Chandoliya,Delhi,North-West Delhi,Lok Sabha,2024 general election,Bharatiya Janata Party,BJP,2,no,0,machine_checked,winner_at_election,2024-06-04,https://www.indiatechcollective.org/politicians/yogender-chandoliya-north-west-delhi/,ogd-ls2024-results; adr-ls2024-report
Zia Ur Rehman,Uttar Pradesh,Sambhal,Lok Sabha,2024 general election,Samajwadi Party,SP,6,yes,0,machine_checked,winner_at_election,2024-06-04,https://www.indiatechcollective.org/politicians/zia-ur-rehman-sambhal/,ogd-ls2024-results; adr-ls2024-report
